id,from_date,to_date,platform,method,method_details,investigators,agencies,references,remarks
1,1979-03-01,1979-03-31,ground,radar,,Valter Schytt | others,University of Iceland,"Björnsson, H. (1981): Radio-echo sounding maps of Storglaciären, Isfallsglaciären and Rabots Glaciär, northern Sweden (https://doi.org/10.1080/04353676.1981.11880037)",
2,1975-01-01,1975-12-31,ground,drill,,,,Driedger and Kennard (1986): Glacier volume estimation on Cascade volcanoes: an analysis and comparison with other methods (https://doi.org/10.3189/S0260305500001142) | Hodge (1979): Direct measurement of basal water pressures: progress and problems (https://doi.org/10.3189/S0022143000029920) | Bahr et al. (1997): The physical basis of glacier volume-area scaling (https://doi.org/10.1029/97JB01696),
3,,,,,,,,Driedger and Kennard (1986): Glacier volume estimation on Cascade volcanoes: an analysis and comparison with other methods (https://doi.org/10.3189/S0260305500001142) | Trembley (1985): written communication,
4,,,,radar,,,,Driedger and Kennard (1986): Glacier volume estimation on Cascade volcanoes: an analysis and comparison with other methods (https://doi.org/10.3189/S0260305500001142) | Bahr et al. (1997): The physical basis of glacier volume-area scaling (https://doi.org/10.1029/97JB01696),
5,1981-01-01,1981-12-31,ground,radar,,,,"Driedger and Kennard (1986): Glacier volume estimation on Cascade volcanoes: an analysis and comparison with other methods (https://doi.org/10.3189/S0260305500001142) | Driedger and Kennard (1986): Ice volumes on Cascade volcanoes: Mount Rainier, Mount Hood, Three Sisters, and Mount Shasta (https://doi.org/10.3133/pp1365) | Bahr et al. (1997): The physical basis of glacier volume-area scaling (https://doi.org/10.1029/97JB01696)",
6,1981-01-01,1981-12-31,,,,,,Driedger and Kennard (1986): Glacier volume estimation on Cascade volcanoes: an analysis and comparison with other methods (https://doi.org/10.3189/S0260305500001142) | Bahr et al. (1997): The physical basis of glacier volume-area scaling (https://doi.org/10.1029/97JB01696),
7,1981-01-01,1981-12-31,ground,radar,,,,Driedger and Kennard (1986): Glacier volume estimation on Cascade volcanoes: an analysis and comparison with other methods (https://doi.org/10.3189/S0260305500001142) | Bahr et al. (1997): The physical basis of glacier volume-area scaling (https://doi.org/10.1029/97JB01696),
8,1981-01-01,1981-12-31,ground,radar,,,,"Driedger and Kennard (1986): Ice volumes on Cascade volcanoes: Mount Rainier, Mount Hood, Three Sisters, and Mount Shasta (https://doi.org/10.3133/pp1365) | Bahr et al. (1997): The physical basis of glacier volume-area scaling (https://doi.org/10.1029/97JB01696)",
9,1992-01-01,1992-12-31,ground,radar,,,,"Harper, J.T. (1993): Glacier terminus fluctuations on Mount Baker, Washington, U.S.A., 1940–1990, and climatic variations (https://doi.org/10.1080/00040851.1993.12003019)",
10,1956-06-21,1956-09-22,ground,gravimetric,,,,"Thiel et al. (1957): The thickness of Lemon Creek Glacier, Alaska, as determined by gravity measurements (https://doi.org/10.1029/tr038i005p00745)",
11,,,air,radar,,,,Bahr et al. (1997): The physical basis of glacier volume-area scaling (https://doi.org/10.1029/97JB01696) | Narozhniy (1998). MGI.,
12,,,ground,radar,,,,Bahr et al. (1997): The physical basis of glacier volume-area scaling (https://doi.org/10.1029/97JB01696) | Kuzmichenok (1996). MGI.,
13,,,air,radar,,,,"Bahr et al. (1997): The physical basis of glacier volume-area scaling (https://doi.org/10.1029/97JB01696) | Zhuravlev, A.B. (1985): Correlation method of evaluating ice storages in glaciers [Korrelyatsionniy metod otsenki zapasov l'da v lednikakh]. Materialy glyatsiologicheskikh issledovaniy (MGI).",
14,,,,,,,,Bahr et al. (1997): The physical basis of glacier volume-area scaling (https://doi.org/10.1029/97JB01696),
15,,,ground,radar,,,,"Bahr et al. (1997): The physical basis of glacier volume-area scaling (https://doi.org/10.1029/97JB01696) | Zhuravlev, A.B. (1985): Correlation method of evaluating ice storages in glaciers [Korrelyatsionniy metod otsenki zapasov l'da v lednikakh]. Materialy glyatsiologicheskikh issledovaniy (MGI).",
16,1962-01-01,1962-12-31,ground,seismic,,,,"Bahr et al. (1997): The physical basis of glacier volume-area scaling (https://doi.org/10.1029/97JB01696) | Zhuravlev, A.B. (1985): Correlation method of evaluating ice storages in glaciers [Korrelyatsionniy metod otsenki zapasov l'da v lednikakh]. Materialy glyatsiologicheskikh issledovaniy (MGI).",
17,1981-01-01,1981-12-31,air,radar,,,,Macheret et al. (1988): The thickness and volume of the Dzhungarsky Alatau glaciers from the data of airborne radio echo sounding. Materialy Glyatsiologicheskikh Issledovaniy.,
18,1984-01-01,1984-12-31,ground,radar,,,,Bahr et al. (1997): The physical basis of glacier volume-area scaling (https://doi.org/10.1029/97JB01696) | Macheret et al. (1988): The thickness and volume of the Dzhungarsky Alatau glaciers from the data of airborne radio echo sounding. Materialy Glyatsiologicheskikh Issledovaniy (MGI).,
19,1955-01-01,1955-12-31,ground,seismic,,,,"Förtsch, O. and Vidal, H. (1958). ZGG.",
20,,,ground,seismic,,,,"Chen, J. and Ohmura, A. (1990): Estimation of Alpine glacier water resources and their change since the 1870s. IAHS Publ. 193 (http://hydrologie.org/redbooks/a193/iahs_193_0127.pdf)",
21,1953-01-01,1953-12-31,ground,seismic,,,,"Förtsch et al. (1955). BzG. | Giese, P. (1963): Some results of seismic refraction work at the Gepatsch glacier in the Oetztal Alps. IAHS Publ. 61 (http://hydrologie.org/redbooks/a061/061017.pdf)",
22,1967-01-01,1968-12-31,ground,seismic,,,,"Brückl et al. (1971). ZAMG. | Steinhauser, F. (1987). ALGB.",
23,1956-01-01,1956-12-31,ground,seismic,,,,"Förtsch, O. and Vidal, H. (1957). BzG.",
24,1954-01-01,1954-12-31,ground,seismic,,,,"Förtsch, O. and Vidal, H. (1956). BzG.",
25,1953-01-01,1953-12-31,ground,seismic,,,,Förtsch et al. (1955). BzG.,
26,1966-01-01,1966-12-31,ground,seismic,,,,"Thyssen, F. and Kohnen, H. (1966): Eisseismische Untersuchungen auf dem Schmiedinger Kees. Polarforschung, 36 (1/2), p. 78-82 (https://hdl.handle.net/10013/epic.29290.d001)",
27,1957-01-01,1957-12-31,ground,seismic,,,,"Förtsch, O. and Vidal, H. (1968). ZGG.",
28,,,air,radar,,,,"Zhuravlev, A.B. (1981). MGI. | Macheret, Y.Y. and Zhuravlev, A.B. (1982): Radio echo-sounding of Svalbard glaciers (https://doi.org/10.3189/S0022143000011643) | Zhuravlev, A.B. (1988). MGI.",
29,,,ground,radar,,,,"Zhuravlev, A.B. (1981). MGI. | Macheret, Y.Y. and Zhuravlev, A.B. (1982): Radio echo-sounding of Svalbard glaciers (https://doi.org/10.3189/S0022143000011643) | Zhuravlev, A.B. (1988). MGI.",
30,1958-01-01,1958-12-31,ground,seismic,,,,"Zhuravlev, A.B. (1981). MGI. | Macheret, Y.Y. and Zhuravlev, A.B. (1982): Radio echo-sounding of Svalbard glaciers (https://doi.org/10.3189/S0022143000011643) | Zhuravlev, A.B. (1988). MGI. | Ekman, S.R. (1971): Seismic investigations on the Nordaustlandet ice caps (https://doi.org/10.1080/04353676.1971.11879830)",
31,1993-01-01,1993-12-31,air,radar,,,,Macheret et al. (1999). ZGG.,
32,1975-01-01,1975-12-31,ground,drill,,,,"Huss et al. (2008): Temporal and spatial changes of Laika Glacier, Canadian Arctic, since 1959, inferred from satellite remote sensing and mass-balance modelling (https://doi.org/10.3189/002214308787779979) | Blatter and Kappenberger (1988): Mass balance and thermal regime of Laika ice cap, Coburg Island, NWT, Canada (https://doi.org/10.3189/S0022143000009126)",
33,1990-01-01,1991-12-31,ground,radar,,,,"Naftz and Smith (1993): Ice thickness, ablation, and other glaciological measurements on Upper Fremont Glacier, Wyoming (https://doi.org/10.1080/02723646.1993.10642488)",
34,,,ground,seismic,,,,Bahr et al. (1997): The physical basis of glacier volume-area scaling (https://doi.org/10.1029/97JB01696) | Sikonia (1982).,
35,1976-03-21,1990-05-26,ground,radar,,,,"Heinrichs et al. (1995): Observations of the surge-type Black Rapids Glacier, Alaska, during a quiescent period, 1970-92 (https://doi.org/10.3133/ofr94512)",
36,1968-01-01,1968-12-31,ground,gravimetric,Sharpe gravity meter (No. C132),David J. Crossley | Garry K. C. Clarke,,"Crossley and Clarke (1970): Gravity measurements on 'Fox Glacier', Yukon Territory, Canada (https://doi.org/10.3189/S0022143000022887) | Collins, S.G. (1972): Survey of the Rusty Glacier Area, Yukon Territory, Canada, 1967–70 (https://doi.org/10.3189/S0022143000022231)",
37,1976-08-01,1976-08-31,air,radar,,,,Narod and Clarke (1980): Airborne UHF radio echo-sounding of three Yukon glaciers (https://doi.org/10.3189/S002214300001025X),
38,2004-01-01,2004-12-31,ground,radar,,,,"Binder et al. (2009): Determination of total ice volume and ice-thickness distribution of two glaciers in the Hohe Tauern region, Eastern Alps, from GPR data (https://doi.org/10.3189/172756409789097522)",
39,1983-01-01,1983-12-31,ground,radar,,,,"Björnsson, H. (1986): Delineation of glacier drainage basins on western Vatnajokull (https://doi.org/10.3189/S0260305500001051)",
40,2003-01-01,2003-12-31,ground,radar,,,,"Binder, D. (2009): Bestimmung der Eismächtigkeitsverteilung dreier Gletscher der Hohen Tauern auf Basis von Ground Penetrating Radar (GPR) Daten. PhD thesis (https://doi.org/10.25365/thesis.3579)",
41,2006-01-01,2006-12-31,ground,radar,,,,"Macheret et al. (2009): Ice thickness, internal structure and subglacial topography of Bowles Plateau ice cap and the main ice divides of Livingston Island, Antarctica, by ground-based radio-echo sounding (https://doi.org/10.3189/172756409789097478)",
42,1985-01-01,1985-12-31,ground,radar,,,,"Saetrang, A.C. and Wold, B. (1986): Results from the radio echo-sounding on parts of the Jostedalsbreen ice cap, Norway (https://doi.org/10.3189/S026030550000135X)",
43,1958-01-01,1958-12-31,ground,seismic,,,,"Thyssen, F. and Ahmad, M. (1970): Ergebnisse seismischer Messungen auf dem Aletschgletscher. Polarforschung, 39(1), p. 283-293 (https://hdl.handle.net/10013/epic.29335.d001)",
44,1993-03-01,1993-03-31,ground,radar,,,,Funk et al. (1997). BHS.,
45,2007-01-01,2007-12-31,ground,radar,,,,Ma et al. (2008). Jour. Glac. Geocr.,
46,2008-01-01,2008-12-31,ground,radar,,,,Ma et al. (2010). CSB.,
47,1972-01-01,1972-12-31,ground,radar,,,,"Goodman et al. (1975): Radio soundings on Trapridge Glacier, Yukon Territory, Canada (https://doi.org/10.3189/S0022143000013411)",
48,1993-01-01,1993-12-31,ground,seismic,Radar measurements were also conducted for thicknesses up to 600 m,,,"Nolan et al. (1995): Ice-thickness measurements of Taku Glacier, Alaska, U.S.A., and their relevance to its recent behavior (https://doi.org/10.3189/S0022143000034870) | Pelto et al. (2008): The equilibrium flow and mass balance of the Taku Glacier, Alaska 1950–2006 (https://doi.org/10.5194/tc-2-147-2008)",
49,1997-01-01,1997-12-31,ground,radar,,,,Björnsson et al. (2006).,
50,1972-01-01,1972-12-31,air,radar,,,,"Morgan, V.I. and Budd, W.F. (1975): Radio-echo sounding of the Lambert Glacier basin (https://doi.org/10.3189/S0022143000034316)",
51,1970-01-01,1970-12-31,ground,radar,,,,Davis et al. (1973): Radio echo sounding on a valley glacier in east Greenland (https://doi.org/10.3189/S0022143000022723),
52,2004-01-01,2004-12-31,ground,radar,,,,"Rabatel et al. (2011): Glacier changes in the Pascua-Lama region, Chilean Andes (29° S): recent mass balance and 50 yr surface area variations (https://doi.org/10.5194/tc-5-1029-2011)",
53,2004-01-01,2004-12-31,ground,radar,,,,"Peduzzi et al. (2010): Assessing high altitude glacier thickness, volume and area changes using field, GIS and remote sensing techniques: the case of Nevado Coropuna (Peru) (https://doi.org/10.5194/tc-4-313-2010)",
54,2006-01-01,2006-12-31,ground,radar,,,,"Pattyn et al. (2009): Bed properties and hydrological conditions underneath McCall Glacier, Alaska, USA (https://doi.org/10.3189/172756409789097559)",
55,1971-01-01,1972-12-31,ground,seismic,,,,"Aric, K. and Brückl, E. (2001). ZAMG. | Brückl, E. and Bittmann, O. (1977). ZAMG.",DATE: 1971 and 1972
56,,,ground,seismic,,,,"Aric, K. and Brückl, E. (2001). ZAMG. | Aric, K. and Brückl, E. (1987). ZAMG. | Steinhauser, F. (1987). ALGB.",
57,1966-01-01,1967-12-31,ground,seismic,,,,"Aric, K. and Brückl, E. (2001). ZAMG. | Miller, H. (1972). ZGG.",DATE: 1966 and 1967
58,1968-01-01,1968-12-31,ground,seismic,,,,"Aric, K. and Brückl, E. (2001). ZAMG. | Brückl et al. (1971). ZAMG.",
59,1973-01-01,1974-12-31,ground,seismic,,,,"Aric, K. and Brückl, E. (2001). ZAMG. | Brückl et al. (1980). ZAMG.",DATE: 1973 and 1974
60,1969-01-01,1969-12-31,ground,seismic,,,,"Aric, K. and Brückl, E. (2001). ZAMG. | Brückl, E. and Gangl, G. (1972). ZAMG. | Steinhauser, F. (1987). ALGB.",
61,,,ground,seismic,,,,"Aric, K. and Brückl, E. (2001). ZAMG. | Förtsch, O. (1958). ZfG.",
62,,,ground,seismic,,,,"Aric, K. and Brückl, E. (2001). ZAMG. | Miller, H. (1972). ZGG.",
63,1970-01-01,1970-12-31,ground,seismic,,,,"Aric, K. and Brückl, E. (2001). ZAMG. | Bittmann et al. (1973). ZAMG. | Brockamp, B. (1958). IASH Publ. | Steinhauser, F. (1987). ALGB.",
64,1976-03-28,,ground,radar,,,,"March, R.S. (2000): Mass balance, meteorological, ice motion, surface altitude, runoff, and ice thickness data at Gulkana Glacier, Alaska, 1995 balance year (https://doi.org/10.3133/wri004074)",
65,2008-01-01,2010-12-31,ground,radar,,,,"Campbell et al. (2012): Flow dynamics of an accumulation basin: a case study of upper Kahiltna Glacier, Mount McKinley, Alaska (https://doi.org/10.3189/2012JoG10J233)","DATE: 2008, 2009 and 2010"
66,1973-06-01,1973-06-30,ground,seismic,,,,Bindschadler et al. (1977): Geometry and dynamics of a surge-type glacier (https://doi.org/10.3189/S0022143000021298),
67,1999-01-01,2004-12-31,ground,radar,,,,"Navarro et al. (2009): Radioglaciological studies on Hurd Peninsula glaciers, Livingston Island, Antarctica (https://doi.org/10.3189/172756409789097603)",
68,1997-01-01,2009-12-31,,radar,airborne and ground-based radar,,,"Rückamp, M. and Blindow, N. (2011). EAASS. | Blindow et al. (2010): Geometry and thermal regime of the King George Island ice cap, Antarctica, from GPR and GPS (https://doi.org/10.3189/172756410791392691)","DATE: 1997, 1998, 2006, 2007, 2008 and 2009"
69,1965-01-01,1965-12-31,ground,drill,Electrothermal drilling,,,"Koerner, R.M. (1968): Fabric analysis of a core from the Meighen Ice Cap, Northwest Territories, Canada (https://doi.org/10.3189/S0022143000020621)",
70,,,ground,radar,,,,"Popovnin, V.V. (1999): Annual mass‐balance series of a temperate glacier in the Caucasus, reconstructed from an ice core (https://doi.org/10.1111/1468-0459.00099)",
71,1995-11-01,1995-11-30,ground,radar,,,,"Gergan et al. (1999): Ground penetrating radar ice thickness measurements of Dokriani bamak (glacier), Garhwal Himalaya. Current Science, 77(1) (https://www.jstor.org/stable/24102926)",
72,1999-01-01,1999-12-31,ground,radar,,,,"Gades et al. (2000): Radio echo-sounding through supraglacial debris on Lirung and Khumbu Glaciers, Nepal Himalayas. in: Debris-covered glaciers, IAHS Publ. 264 (http://hydrologie.org/redbooks/a264/iahs_264_0013.pdf)",
73,2009-10-01,2009-10-31,ground,radar,,,,"Azam et al. (2012): From balance to imbalance: a shift in the dynamic behaviour of Chhota Shigri glacier, western Himalaya, India (https://doi.org/10.3189/2012JoG11J123)",
74,1994-08-01,1994-08-31,ground,radar,,,,"Knudsen, N.T. and Hasholt, B. (1999): Radio-echo sounding at the Mittivakkat Gletscher, southeast Greenland (https://doi.org/10.1080/15230430.1999.12003315)",
75,2008-01-01,2008-12-31,ground,radar,,,,"Salzmann et al. (2013): Glacier changes and climate trends derived from multiple sources in the data scarce Cordillera Vilcanota region, southern Peruvian Andes (https://doi.org/10.5194/tc-7-103-2013)",
76,1997-01-01,1997-12-31,air,radar,,,,"Dowdeswell et al. (2002): Form and flow of the Academy of Sciences Ice Cap, Severnaya Zemlya, Russian High Arctic (https://doi.org/10.1029/2000JB000129)",
77,1996-01-01,1996-12-31,air,radar,,,,"Klingbjer, P. and Neidhart, F. (2006): The thinning and retreat of Pårteglaciären, northern Sweden, during the twentieth century and its relation to climate (https://doi.org/10.1657/1523-0430(2006)038[0104:TTAROP]2.0.CO;2)",
78,1998-01-01,1998-12-31,ground,radar,,,,"Giesen, R.H. and Oerlemans, J. (2010): Response of the ice cap Hardangerjøkulen in southern Norway to the 20th and 21st century climates (https://doi.org/10.5194/tc-4-191-2010)",
79,2005-01-01,2005-12-31,ground,radar,,,,Andreassen et al. (2006). NVE Report.,
80,2001-01-01,2001-12-31,ground,radar,,,,"Aðalgeirsdóttir et al. (2011): Modelling the 20th and 21st century evolution of Hoffellsjökull glacier, SE-Vatnajökull, Iceland (https://doi.org/10.5194/tc-5-961-2011)",
81,2006-03-01,2006-03-31,air,radar,,,,"Conway et al. (2009): A low-frequency ice-penetrating radar system adapted for use from an airplane: test results from Bering and Malaspina Glaciers, Alaska, USA (https://doi.org/10.3189/172756409789097487)",
82,1993-01-01,1993-12-31,ground,radar,,,,"Gades et al. (2012): Radio-echo probing of Black Rapids Glacier, Alaska, USA, during onset of melting and spring speed-up (https://doi.org/10.3189/2012JoG11J145)",
83,1999-01-01,1999-12-31,ground,radar,,,,"Raymond et al. (2005): Retreat of Glaciar Tyndall, Patagonia, over the last half-century (https://doi.org/10.3189/172756505781829476)",
84,1974-01-01,1980-12-31,ground,seismic,,,,Bhatt et al. (1980). ZGG.,"DATE: 1974, 1978, 1979 and 1980"
85,1988-01-01,1988-12-31,ground,radar,,,,"Herzfeld, U. C. and Holmlund, P. (1988). ZGG.",
86,2005-01-01,2008-12-31,ground,radar,,,,"Brown et al. (2010): Cirque glacier sensitivity to 21st century warming: Sperry Glacier, Rocky Mountains, USA (https://doi.org/10.1016/j.gloplacha.2010.09.001)",DATE: 2005 and 2008
87,2010-01-01,2010-12-31,ground,radar,,,,"Engel et al. (2012): Ice thickness, areal and volumetric changes of Davies Dome and Whisky Glacier (James Ross Island, Antarctic Peninsula) in 1979–2006 (https://doi.org/10.3189/2012JoG11J156)",
88,2010-02-16,,ground,radar,,Matthias Huss,University of Fribourg,"Huss, M. (2010): Mass balance of Pizolgletscher (https://doi.org/10.5194/gh-65-80-2010)",
89,1993-01-01,1993-12-31,ground,radar,,,,"Hochstein et al. (1995): Downwasting of the Tasman Glacier, South Island, New Zealand: Changes in the terminus region between 1971 and 1993 (https://doi.org/10.1080/00288306.1995.9514635)",
90,1972-01-01,1972-12-31,ground,seismic,,,,"Hochstein et al. (1995): Downwasting of the Tasman Glacier, South Island, New Zealand: Changes in the terminus region between 1971 and 1993 (https://doi.org/10.1080/00288306.1995.9514635)",
91,1978-01-01,1997-12-31,ground,radar,,,,Nikitin et al. (2000). MGI.,"DATE: 1978, 1996 and 1997"
92,1989-01-01,1990-12-31,ground,radar,,,,"Sharp et al. (1993): Geometry, bed topography and drainage system structure of the haut glacier d'Arolla, Switzerland (https://doi.org/10.1002/esp.3290180608)",
93,1979-01-01,1984-05-31,air,radar,,,,"Kotlyakov, V.M. and Macheret, Y.Y. (1987): Radio echo-sounding of sub-polar glaciers in Svalbard: some problems and results of Soviet studies (https://doi.org/10.3189/S0260305500000537)",
94,1980-01-01,1980-12-31,air,radar,,,,"Kotlyakov, V.M. and Macheret, Y.Y. (1987): Radio echo-sounding of sub-polar glaciers in Svalbard: some problems and results of Soviet studies (https://doi.org/10.3189/S0260305500000537) | Dowdeswell et al. (1984): Radio echo-sounding of Spitsbergen glaciers: problems in the interpretation of layer and bottom returns (https://doi.org/10.3189/S0022143000008431)",
95,2009-07-01,2009-07-31,ground,radar,,,,"Machguth, H. et al. (2012): Sutai Uul Mounatin (4210 m a.s.l.) - A potential second ice code drilling site in the Mongolian Altai? Annual Report 2011, Paul Scherrer Institut (https://www.psi.ch/sites/default/files/import/luc/AnnualReportsEN/PSI_LCH_AnnualReport2011.pdf#page=42) | Schwikowski et al. (2010): First ice core from the Mongolian Altai. Annual Report 2009, Paul Scherrer Institut (https://www.psi.ch/sites/default/files/import/lrc/AnnualReportsEN/PSI_LCH_AnnualReport2009.pdf#page=41)",
96,,,air,radar,,,,Macheret et al. (1985). PGG.,
97,2006-11-07,2007-10-03,ground,radar,,Wilfried Hagg | Christoph Mayer,Deutsche Forschungsgemeinschaft (DFG),Hagg et al. (2008). ZGG.,
98,2010-09-17,,ground,radar,,Achim Heilig,Bayerisches Staatsministerium für Umwelt und Gesundheit,"Hagg et al. (2012): Climate and glacier fluctuations in the Bavarian Alps in the past 120 years. Erdkunde 66, H. 2 (https://www.jstor.org/stable/41759064)",
99,1968-01-01,1968-12-31,air,radar,,,,"Bogorodsky and Federov, (1970). NOWN.",
100,2008-01-01,2012-12-31,,radar,,,ETH Zurich | University of Zurich | University of Fribourg,Huss et al. (2012).,"DATE: 2008 (ETHZ) and 2012 (UZH, UFR)"
101,2004-01-01,2010-12-31,ground,radar,,,,"Bælum and Benn (2011): Thermal structure and drainage system of a small valley glacier (Tellbreen, Svalbard), investigated by ground penetrating radar (https://doi.org/10.5194/tc-5-139-2011)","DATE: 2004, 2005, 2009 and 2010"
102,2002-05-01,2002-05-31,air,electromagnetic,Helicopter Electromagnetic Data (HEM),,,"Finn et al. (2012): Helicopter electromagnetic data map ice thickness at Mount Adams and Mount Baker, Washington, USA (https://doi.org/10.3189/2012JoG11J098)",
103,2009-01-01,2009-12-31,ground,radar,,David S. Tucker | others,,"Tucker et al. (2009): Morphology of Mount Baker‘s Carmelo (summit) crater revealed by ice-penetrating radar. Geological Society of America Abstracts, 41(7), 191 (https://gsa.confex.com/gsa/2009AM/webprogram/Paper162646.html)","Summit crater of Mount Baker. GPR data from Finn et al., (2012). Jour. Glac. based on Tucker et al., (2009). Geol. Soc. US."
104,2009-07-01,2009-07-31,ground,radar,,Melissa Park | others,,"Park, M. (2011): Glacial and geothermal dynamics in Sherman Crater, Mount Baker, Washington. Master thesis, Western Washington University (https://doi.org/10.25710/j16n-sh91)",
105,1981-01-01,1981-12-31,ground,radar,,,,"Haerberli et al. (1988). ZGG. | Lüthi, M.P. (2000): Experimental and numerical investigation of a firn covered cold glacier and a polythermal ice stream - case studies at Colle Gnifetti and Jakobshavns Isbræ. PhD Thesis, ETH Zürich (https://doi.org/10.3929/ethz-a-003884174)",
106,1981-01-01,1981-12-31,ground,radar,,,,"Haeberli, W. and Fisch, W. (1984): Electrical resistivity soundings of glacier beds: a test study on Grubengletscher, Wallis, Swiss Alps (https://doi.org/10.3189/S0022143000006250)",
107,,,,,,,,"Makarevich, K.G. (1962): The regime of the glaciers in the Zailiisky Alatau in recent decades. IHAS Publ. (http://hydrologie.org/redbooks/a058/05829.pdf)",
108,2010-01-01,2010-12-31,air,radar,,,,Blindow et al. (2012): Airborne GPR sounding of deep temperate glaciers – examples from the Northern Patagonian Icefield (https://doi.org/10.1109/ICGPR.2012.6254945),
109,1983-01-01,2009-12-31,,radar,airborne and ground-based radar,,,"Pettersson et al. (2011): Ice thickness and basal conditions of Vestfonna ice cap, eastern Svalbard (https://doi.org/10.1111/j.1468-0459.2011.00438.x)","DATE: 1983, 1986, 2008 and 2009"
110,1983-05-01,1983-05-31,ground,radar,,,,"Holmlund, P. (1986): Mikkaglaciären: Bed topography and response to 20th century climate change (https://doi.org/10.1080/04353676.1986.11880181)",
111,2003-01-01,2003-12-31,ground,radar,,,,"Araos et el. (2007): Variaciones recientes del lóbulo Zapata Sur, Glaciar Tyndall. Campode Hielo Patagónico Sur. Revista de geografía Norte Grande (https://doi.org/10.4067/S0718-34022007000100006)",
112,1998-01-01,2001-12-31,ground,radar,,,,"Rivera, A. and Cassassa, G. (2010): Internal report.",
113,2009-01-01,2009-12-31,ground,radar,,,,Fischer et al. (2013): Recent changes of very small glaciers in the Swiss Alps. EGU General Assembly (https://ui.adsabs.harvard.edu/abs/2013EGUGA..15..149F),
114,2006-12-05,,air,radar,,,,Zamora et al. (2009): Airborne radar sounder for temperate ice: initial results from Patagonia (https://doi.org/10.3189/002214309788816641),
115,,,ground,radar,,,,Yafeng et al. (2008). SPSP.,
116,2007-07-29,,ground,drill,,,,"Sugiyama et al. (2008): Hot water drilling and glaciological observations at the terminal part of Rhonegletscher, Switzerland in 2007. Bulletin of Glaciological Research 26, p. 41-47 (https://hdl.handle.net/2115/47064)",
117,2009-01-01,2009-12-31,,radar,airborne and ground-based radar,,,Gabbi et al. (2012): Ice volume distribution and implications on runoff projections in a glacierized catchment (https://doi.org/10.5194/hess-16-4543-2012),
118,2009-01-01,2009-12-31,air,radar,,,,Gabbi et al. (2012): Ice volume distribution and implications on runoff projections in a glacierized catchment (https://doi.org/10.5194/hess-16-4543-2012),
119,2012-05-10,,ground,radar,"Narod GPR, 6.5MHz, wave velocity 0.168m/ns. Narod and Clarke 1994 (https://doi.org/10.3189/S002214300000397X)",Andrea Fischer | Martin Stocker-Waldhuber | Lea Hartl | Bernd Seiser,Ufficio Idrografico di Bolzano,Fischer et al. (2015): Ice thickness measurements on South Tyrolean glaciers 1996-2014 (https://doi.org/10.1594/PANGAEA.849390),
120,2010-05-18,,ground,radar,"Narod GPR, 6.5MHz, wave velocity 0.168m/ns. Narod and Clarke 1994 (https://doi.org/10.3189/S002214300000397X)",Andrea Fischer | Jakob Abermann | Kay Helfricht | Martin Stocker-Waldhuber,Ufficio Idrografico di Bolzano,Fischer et al. (2015): Ice thickness measurements on South Tyrolean glaciers 1996-2014 (https://doi.org/10.1594/PANGAEA.849390),
121,2011-05-05,,ground,radar,"Narod GPR, 6.5MHz, wave velocity 0.168m/ns. Narod and Clarke 1994 (https://doi.org/10.3189/S002214300000397X)",Andrea Fischer | Martin Stocker-Waldhuber | Markus Emprechtinger | Martin Ortner,Ufficio Idrografico di Bolzano,Fischer et al. (2015): Ice thickness measurements on South Tyrolean glaciers 1996-2014 (https://doi.org/10.1594/PANGAEA.849390),
122,2009-05-09,,ground,radar,"Narod GPR, 6.5MHz, wave velocity 0.168m/ns. Narod and Clarke 1994 (https://doi.org/10.3189/S002214300000397X)",Andrea Fischer | Jakob Abermann | Gerhard Markl | Martin Stocker-Waldhuber,Ufficio Idrografico di Bolzano,Fischer et al. (2015): Ice thickness measurements on South Tyrolean glaciers 1996-2014 (https://doi.org/10.1594/PANGAEA.849390),
123,1995-01-01,1995-12-31,ground,radar,"Narod GPR, 6.5MHz, wave velocity 0.168m/ns. Narod and Clarke 1994 (https://doi.org/10.3189/S002214300000397X)",Andrea Fischer | Christian Mitterer | Martin Stocker-Waldhuber | Daniel Binder | Brian Binder,Ufficio Idrografico di Bolzano,"Span N., A. Fischer, M. Kuhn, M. Butschek and M. Massimo (2005): Radarmessungen der Eisdicke österreichischer Gletscher, Band I: Messungen 1995 bis 1998. in: Österreichische Beiträge zur Meteorologie und Geophysik, Heft 33, 146.",ELEVATION: 1987 orthophotos
124,2013-05-13,2013-05-14,ground,radar,GSSI SIR 3000,Andrea Fischer | Christian Mitterer | Stefan Scheiblauer,Ufficio Idrografico di Bolzano,Fischer et al. (2015): Ice thickness measurements on South Tyrolean glaciers 1996-2014 (https://doi.org/10.1594/PANGAEA.849390),Point data have been thinned (mean) within a search distance of 10 m.
125,2013-06-08,,ground,radar,GSSI SIR 3000,Andrea Fischer | Christian Mitterer | Lea Hartl | Martin Stocker-Waldhuber,Ufficio Idrografico di Bolzano,Fischer et al. (2015): Ice thickness measurements on South Tyrolean glaciers 1996-2014 (https://doi.org/10.1594/PANGAEA.849390),Point data have been thinned (mean) within a search distance of 10 m.
126,2013-06-12,2013-06-13,ground,radar,GSSI SIR 3000,Andrea Fischer | Bernd Seiser | Martin Stocker-Waldhuber | Christian Mitterer,Ufficio Idrografico di Bolzano,Fischer et al. (2015): Ice thickness measurements on South Tyrolean glaciers 1996-2014 (https://doi.org/10.1594/PANGAEA.849390),Point data have been thinned (mean) within a search distance of 10 m.
127,2013-06-11,,ground,radar,GSSI SIR 3000,Christian Mitterer | Lea Hartl | Stefan Scheiblauer,Ufficio Idrografico di Bolzano,Fischer et al. (2015): Ice thickness measurements on South Tyrolean glaciers 1996-2014 (https://doi.org/10.1594/PANGAEA.849390),Point data have been thinned (mean) within a search distance of 10 m.
128,1995-01-01,2010-12-31,ground,radar,"Narod GPR, 4.0 and 6.5MHz, wave velocity in ice: 0.168m/ns, wave velocity in air: 0.3m/ns, antenna length 15/25m. Narod and Clarke 1994 (https://doi.org/10.3189/S002214300000397X)",Andrea Fischer | others,,Fischer et al. (2015): Ground-penetrating radar (GPR) point measurements of ice thickness in Austria (https://doi.org/10.1594/PANGAEA.849497),ELEVATION: Austrian Glacier Inventory II
129,1997-01-01,2008-12-31,ground,radar,"Narod GPR, 4.0 and 6.5MHz, wave velocity in ice: 0.168m/ns, wave velocity in air: 0.3m/ns",Andrea Fischer | others,,Fischer et al. (2015): Ground-penetrating radar (GPR) point measurements of ice thickness in Austria (https://doi.org/10.1594/PANGAEA.849497),ELEVATION: Austrian Glacier Inventory II
130,2012-08-07,,ground,radar,"Ice Penetrating RADAR (Blue System Integration Ltd), 10MHz antenna, assuming a constant wave velocity in ice of 0.168 m per ns.",Antoine Rabatel | others,Institut de Recherche pour le Développement (IRD) | Université Grenoble Alpes | GLACIOCLIM,Rabatel A. et al. (2012): Université Grenoble Alpes internal report.,
131,2014-01-25,,ground,radar,"Ice Penetrating RADAR (Blue System Integration Ltd), 10MHz antenna, assuming a constant wave velocity in ice of 0.168 m per ns.",Antoine Rabatel | Jorge Luis Ceballos | Michael Zemp | Felipe Andres Echeverry Acosta,"Université Grenoble Alpes | Institut de Recherche pour le Développement (IRD) | GLACIOCLIM | Instituto de Hidrología, Meteorología y Estudios Ambientales (IDEAM) | University of Zurich",Rabatel A. et al. (2014): Université Grenoble Alpes internal report.,
132,2012-08-09,,ground,radar,"Ice Penetrating RADAR (Blue System Integration Ltd), 10MHz antenna, assuming a constant wave velocity in ice of 0.168 m per ns.",Antoine Rabatel | others,Institut de Recherche pour le Développement (IRD) | Université Grenoble Alpes | GLACIOCLIM,"Réveillet et al. (2015): Internal report from 2012. Université Grenoble Alpes. | Réveillet, M., A. Rabatel, F. Gillet-Chaulet, A. Soruco. (2015): Simulations of changes in Glaciar Zongo (Bolivia, 16° S) over the 21st century using a 3D full-Stokes model and CMIP5 climate projections. Annals of Glaciology, 56(70), 89-97 (https://doi.org/10.3189/2015AoG70A113)",
133,2011-03-01,2011-03-31,air,radar,"RAMAC/GPR full-range system, 100-MHz shielded GPR antenna, assuming a constant wave velocity in ice of 0.168 m per ns",Matthias Huss | others,University of Fribourg,"Fischer, M., Huss, M., and Hoelzle, M. (2013): Recent changes of very small glaciers in the Swiss Alps. EGU General Assembly, Vienna (https://ui.adsabs.harvard.edu/abs/2013EGUGA..15..149F) | Huss, M., and Fischer, M. (2016). Sensitivity of very small glaciers in the Swiss Alps to future climate change. Frontiers in Earth Science, 4:34 (https://doi.org/10.3389/feart.2016.00034)",Point data have been thinned (mean) within a search distance of 10 m.
134,2012-03-01,2013-03-31,air,radar,"RAMAC/GPR full-range system, 100-MHz shielded GPR antenna, assuming a constant wave velocity in ice of 0.168 m per ns",Mauro Fischer | others,University of Fribourg,"Fischer, M., Huss, M., and Hoelzle, M. (2013): Recent changes of very small glaciers in the Swiss Alps. EGU General Assembly, Vienna (https://ui.adsabs.harvard.edu/abs/2013EGUGA..15..149F) | Huss, M., and Fischer, M. (2016). Sensitivity of very small glaciers in the Swiss Alps to future climate change. Frontiers in Earth Science, 4:34 (https://doi.org/10.3389/feart.2016.00034)",Point data have been thinned (mean) within a search distance of 10 m.
135,2009-03-01,2009-03-31,air,radar,"Helicopter borne-radar, assuming a constant wave velocity in ice of 0.168 m per ns",Mauro Fischer | others,ETH Zurich,"Fischer, M., Huss, M., and Hoelzle, M. (2013): Recent changes of very small glaciers in the Swiss Alps. EGU General Assembly, Vienna (https://ui.adsabs.harvard.edu/abs/2013EGUGA..15..149F) | Huss, M., and Fischer, M. (2016). Sensitivity of very small glaciers in the Swiss Alps to future climate change. Frontiers in Earth Science, 4:34 (https://doi.org/10.3389/feart.2016.00034)",Point data have been thinned (mean) within a search distance of 10 m.
136,2013-10-03,,air,radar,"RAMAC/GPR full-range system, 50-MHz shielded GPR antenna, assuming a constant wave velocity in ice of 0.168 m per ns",Mauro Fischer | others,University of Fribourg,"Fischer, M., Huss, M., and Hoelzle, M. (2013): Recent changes of very small glaciers in the Swiss Alps. EGU General Assembly, Vienna (https://ui.adsabs.harvard.edu/abs/2013EGUGA..15..149F) | Huss, M., and Fischer, M. (2016). Sensitivity of very small glaciers in the Swiss Alps to future climate change. Frontiers in Earth Science, 4:34 (https://doi.org/10.3389/feart.2016.00034)",Point data have been thinned (mean) within a search distance of 10 m.
137,2010-03-01,2010-03-31,air,radar,"RAMAC/GPR full-range system, 25-MHz shielded GPR antenna, assuming a constant wave velocity in ice of 0.168 m per ns",Matthias Huss | others,University of Fribourg,,Point data have been thinned (mean) within a search distance of 10 m.
138,2015-03-01,2015-03-31,air,radar,"RAMAC/GPR full-range system, 100-MHz shielded GPR antenna, assuming a constant wave velocity in ice of 0.168 m per ns",Mauro Fischer | others,University of Fribourg,"Capt, M., Bosson, J.-B., Fischer, M., Micheletti, N. and Lambiel, C. (2016): Decadal evolution of a very small heavily debris-covered glacier in an Alpine permafrost environment. Journal of Glaciology (https://doi.org/10.1017/jog.2016.56)",Point data have been thinned (mean) within a search distance of 10 m.
139,2013-08-27,2013-11-20,air,radar,,Gino Casassa | Norbert Blindow | José Luis Rodríguez Lagos | others,Geoestudios | Dirección General de Aguas (DGA),"Dirección General de Aguas (2014): Estimación de volúmenes de hielo mediante sondajes de radar en zonas Norte, Central y Sur. S.I.T No.338 (http://bibliotecadigital.ciren.cl/handle/123456789/32660)",
140,2012-07-16,2012-07-17,air,radar,,Gino Casassa | Norbert Blindow | Andrés Rivera | Rodrigo Zamora | others,Centro de Estudios Científicos (CECs) | Dirección General de Aguas (DGA),Dirección General de Aguas (2012): Estimación de volúmenes de hielo mediante radio eco sondaje en Chile Central. S.I.T. No. 288 (https://research.csiro.au/gestionrapel/wp-content/uploads/sites/79/2016/11/Estimación-de-volúmenes-de-hielo-mediante-radio-eco-sondaje-en-Chile-central-2012.pdf),
141,2012-07-14,,air,radar,,Gino Casassa | Norbert Blindow | Andrés Rivera | Rodrigo Zamora | others,Centro de Estudios Cientificos | Dirección General de Aguas (DGA),Dirección General de Aguas (2012): Estimación de volúmenes de hielo mediante radio eco sondaje en Chile Central. S.I.T. No. 288 (https://research.csiro.au/gestionrapel/wp-content/uploads/sites/79/2016/11/Estimación-de-volúmenes-de-hielo-mediante-radio-eco-sondaje-en-Chile-central-2012.pdf),
142,2005-04-26,2005-04-27,ground,radar,10MHz,Hallgeir Elvehøy | Liss Marie Andreassen,Norwegian Water Resources and Energy Directorate (NVE),Andreassen et al. (2015): Ice thickness measurements and volume estimates for glaciers in Norway (https://doi.org/10.3189/2015JoG14J161),"Thickness includes winter snow 2005 (see Glac. Inv. Norway 2005, NVE Report 2-2006, p. 53)"
143,2006-05-09,,ground,radar,10MHz,Hallgeir Elvehøy | Liss Marie Andreassen,Norwegian Water Resources and Energy Directorate (NVE),Andreassen et al. (2015): Ice thickness measurements and volume estimates for glaciers in Norway (https://doi.org/10.3189/2015JoG14J161),"ELEVATION: GNSS survey. Thickness includes winter snow 2006 (see Glac. Inv. Norway 2006, NVE Report 1-2007)"
144,2011-03-16,2011-03-17,ground,radar,10MHz,Kjetil Melvold | Liss Marie Andreassen,Norwegian Water Resources and Energy Directorate (NVE),Andreassen et al. (2015): Ice thickness measurements and volume estimates for glaciers in Norway (https://doi.org/10.3189/2015JoG14J161),ELEVATION: GNSS survey. Thickness includes winter snow 2011 (Data: NVE)
145,2012-09-01,2012-09-30,ground,radar,50MHz,Ingvild Sørdal | Liss Marie Andreassen,University of Oslo (UiO) | Norwegian Water Resources and Energy Directorate (NVE),Sørdal (2013): Kartlegging av temperaturtilhøva i Gråsubreen og Juvfonne. Master thesis (http://urn.nb.no/URN:NBN:no-39914) | Andreassen et al. (2015): Ice thickness measurements and volume estimates for glaciers in Norway (https://doi.org/10.3189/2015JoG14J161),
146,2008-03-13,2008-05-21,ground,radar,10MHz,Kjetil Melvold | Liss Marie Andreassen,Norwegian Water Resources and Energy Directorate (NVE),"Andreassen et al. (2012): Langfjordjøkelen, a rapidly shrinking glacier in northern Norway (https://doi.org/10.3189/2012JoG11J014)","Thickness includes winter snow 2008 (See Glac. Inv. Norway 2008, NVE Report 2-2009, p. 71)"
147,2011-05-02,2011-05-03,ground,radar,10MHz,Kjetil Melvold | Erlend Førre | Jostein Bakke,University of Bergen | Norwegian Water Resources and Energy Directorate (NVE),"Førre, Erlend (2012): Topografi og dreneringsretninger under Nordfonna, Folgefonna. Masters thesis, University of Bergen (https://hdl.handle.net/1956/5750)",ELEVATION: GNSS survey.
148,2004-03-31,2004-04-01,ground,radar,10MHz,Kjetil Melvold | Hallgeir Elvehøy | Bjarne Kjøllmoen | Rune V. Engeset,Norwegian Water Resources and Energy Directorate (NVE),"Kjøllmoen (2006). NVE Oppdragsrapp., ser. B, 2-2006 | Andreassen et al. (2015): Ice thickness measurements and volume estimates for glaciers in Norway (https://doi.org/10.3189/2015JoG14J161)",Difficult to interpret bed echo. Measurements includes winter snow. A thinned data set.
149,1990-01-01,2004-12-31,ground,radar,10MHz,Michael Kennett | others,Norwegian Water Resources and Energy Directorate (NVE),Kennett (1990): Kartlegging av istykkelse og feltavgrensning på Blåmannsisen 1990 [Mapping of ice thickness and field delimitation on Blåmannsisen 1990]. NVE report 8. | Andreassen et al. (2015): Ice thickness measurements and volume estimates for glaciers in Norway (https://doi.org/10.3189/2015JoG14J161),DATE: 1990 and 2004. Measurements includes winter snow.
150,2004-04-21,2004-04-22,ground,radar,10MHz,Rune V. Engeset | Kjetil Melvold | others,Norwegian Water Resources and Energy Directorate (NVE),Andreassen et al. (2015): Ice thickness measurements and volume estimates for glaciers in Norway (https://doi.org/10.3189/2015JoG14J161),A thinned data set. Measurements include winter snow.
151,2010-05-07,2010-05-08,ground,radar,10MHz,Kjetil Melvold | Tron Laumann | others,Norwegian Water Resources and Energy Directorate (NVE),Melvold et al. (2011) | Andreassen et al. (2015): Ice thickness measurements and volume estimates for glaciers in Norway (https://doi.org/10.3189/2015JoG14J161),A thinned data set. Measurements includes winter snow.
152,2010-03-18,2010-03-19,ground,radar,10MHz,Kjetil Melvold | others,Norwegian Water Resources and Energy Directorate (NVE),Andreassen et al. (2015): Ice thickness measurements and volume estimates for glaciers in Norway (https://doi.org/10.3189/2015JoG14J161),A thinned dataset. Measurements includes winter snow.
153,1991-06-28,1992-04-24,air,radar,8MHz,Michael Kennett | Tron Laumann | others,Norwegian Water Resources and Energy Directorate (NVE),"Kennett M., T. Laumann and C. Lund (1993): Helicopter-borne radioecho sounding of Svartisen, Norway (https://doi.org/10.3189/S0260305500012568)",Bed surface elevation primary result (z = suface - ice thickness). A thinned data set.
154,1986-05-20,1986-06-11,air,radar,10MHz,Arne Chr. Sætrang | others,Norwegian Water Resources and Energy Directorate (NVE),"Sætrang, A.C. (1988): Kartlegging av istykkelse på Vestre Svartisen 1986. NVE Oppdragsrapp. 3",Primary data is bed elevation (z = surface - ice thickness). A thinned data set.
155,2012-07-10,,ground,radar,monopulse ground radar VIRL-6 with central frequency of 20 MHz,Ivan Lavrentiev | others,RFBR 11-05-00728a | Presidential grant МК-240.2013.5 and MK-875.2011.5,"Lavrentiev et al. (2013): Ice thickness, volume and subglacial relief of Djankuat Glacier (Central Caucasus). Ice and Snow, 4 (128), p. 7-19 (https://doi.org/10.15356/2076-6734-2014-4-7-19)",ELEVATION: ASTERGDEM2. Point data have been thinned (mean) within a search distance of 10 m.
156,2013-07-07,,ground,radar,monopulse ground radar VIRL-6 with central frequency of 20 MHz,Ivan Lavrentiev | others,RFBR 11-05-00728a | Presidential grant МК-240.2013.5 and MK-875.2011.6,"Lavrentiev et al. (2013): Ice thickness, volume and subglacial relief of Djankuat Glacier (Central Caucasus). Ice and Snow, 4 (128), p. 7-19 (https://doi.org/10.15356/2076-6734-2014-4-7-19)",ELEVATION: ASTERGDEM2. Point data have been thinned (mean) within a search distance of 10 m.
157,2011-08-25,,ground,radar,monopulse ground radar VIRL-6 with central frequency of 20 MHz,Ivan Lavrentiev | others,RFBR 11-05-00728a | Presidential grant МК-240.2013.5 and MK-875.2011.7,"Kutuzov el al. (2012): Changes of Marukh Glacier from 1945 to 2011. Ice and Snow, 1(117), p. 123-127 (https://doi.org/10.15356/2076-6734-2012-1-123-127)",ELEVATION: DGPS survey. Point data have been thinned (mean) within a search distance of 10 m.
158,2014-04-05,2014-04-07,ground,radar,"GPR VIRL7 25 MHz. Op.: Vasilenko-Navarro. Error_H = (SQRT(v^2*(Error_t)^2+t^2*(Error_v)^2))/2, t=TWTT. BP filter., normal moveout, ampl. corr., Stolt F-K migr. time-depth conv. v=0.168 m/ns. Point coord. stand-alone GPS; elev. is ellipsoidal height WGS84",Francisco J. Navarro,Universidad Politécnica de Madrid: Escuela Técnica Superior de Ingenieros de Telecomunicación (ETSIT) | Spanish National Plan of R&D,"Navarro et al. (2015): Ice thickness distribution and hydrothermal structure of Elfenbeinbreen and Sveigbreen, eastern Spitsbergen, Svalbard (https://doi.org/10.3189/2015JoG15J141)",Point data have been thinned (mean) within a search distance of 10 m.
159,1997-01-01,1997-12-31,ground,radar,,Bob Jacobel | Ian Owens,,"Willis, I. et al. (2009). Subglacial drainage system structure and morphology of Brewster Glacier, New Zealand. Hydrological Processes (https://doi.org/10.1002/hyp.7146)",Compiled by Brian Anderson. ELEVATION: Aerial photography for the NZMS260 mapping series flown in 3/1986
160,2011-01-01,2011-12-31,ground,radar,"Radar sounding data at center frequencies of 10, 35, and 50MHz were collected using the ice-penetrating radar system described by Mingo and Flowers 2010 (https://doi.org/10.3189/002214310793146179).",Nat Wilson | Gwenn Flowers | Laurent Mingo,,"Wilson, N. J., Flowers, G. E., and Mingo, L. (2013): Comparison of thermal structure and evolution between neighboring subarctic glaciers. Journal of Geophysical Research Earth Surface (https://doi.org/10.1002/jgrf.20096)",Point data have been thinned (mean) within a search distance of 10 m.
161,2011-01-01,2011-12-31,ground,radar,"Radar sounding data at center frequencies of 10, 35, and 50MHz were collected using the ice-penetrating radar system described by Mingo and Flowers 2010 (https://doi.org/10.3189/002214310793146179).",Nat Wilson | Gwenn Flowers | Laurent Mingo,,"Wilson, N. J., Flowers, G. E., and Mingo, L. (2013): Comparison of thermal structure and evolution between neighboring subarctic glaciers. Journal of Geophysical Research Earth Surface (https://doi.org/10.1002/jgrf.20096)",POINT_ID assigned in order of submission.
162,2012-12-01,2012-12-31,ground,radar,"Deep-Look Radio-Echo Sounder (DELORES), 1-4 MHz range (3MHz central frequ.)",Daniel Farinotti | others,,"Farinotti et al. (2014): The bedrock topography of Starbuck Glacier, Antarctic Peninsula, as determined by radio-echo soundings and flow modeling (https://doi.org/10.3189/2014AoG67A025)",ELEVATION: Cook et al. (2012) doi:10.5194/essd-4-129-2012. Point data have been thinned (mean) within a search distance of 10 m.
163,2011-10-14,,air,radar,NASA IceBridge project (MCoRDS sensor),,,"Farinotti et al. (2014): The bedrock topography of Starbuck Glacier, Antarctic Peninsula, as determined by radio-echo soundings and flow modeling (https://doi.org/10.3189/2014AoG67A025)",Data used as base for cross-validation in given reference. ELEVATION: Cook et al. (2012) doi:10.5194/essd-4-129-2012
164,1971-09-01,1971-09-30,ground,seismic,"Two generalised cross profiles of ice thickness are inferred from reflection seismics. x, y and ice thickness values are taken at points spaced along the published profiles (Figure 18, p23). A map of interpolated ice thickness (Figure 19, p26), but it is only based on measurements at the two widely-spaced profiles.",,,"Anderton, P.W. (1975): Hydrological Research Annual Report 33. Ministry of Works and Development.",
165,2014-01-01,2014-12-31,ground,radar,,,,"Wang, P. et al. (2016): Analyses of recent observations of Urumqi Glacier No. 1, Chinese Tianshan Mountains. Environmental Earth Sciences, 75(8), pp. 1-11 (https://doi.org/10.1007/s12665-016-5551-3)",
166,2006-06-01,2006-08-31,ground,radar,"Icefield Instruments icepenetrating radar with 5 MHz center frequency and 10m antennae 50m apart. Assuming a signal propagation speed of 1.68*10^8 m/s, and migrating individual profiles using the circle-tangent technique.",,,"Sanders, J. W. et al. (2010): Dynamics of an alpine cirque glacier. American Journal of Science, 310(8), p. 753-773 (https://doi.org/10.2475/08.2010.03)",
167,2013-01-01,2013-12-31,ground,radar,,Huilin Li,Chinese Academy of Sciences: Tianshan Glaciological Station,"Huai, B., Z. Li, F. Wang, W. Wang, P. Wang, and K. Li (2015): Glacier volume estimation from ice-thickness data, applied to the Muz Taw glacier, Sawir Mountains, China (https://doi.org/10.1007/s12665-015-4435-2)",
168,2009-01-01,2009-12-31,ground,radar,,Huilin Li,Chinese Academy of Sciences: Tianshan Glaciological Station,"Li, H. et al. (2012): An extended 'perfect-plasticity' method for estimating ice thickness along the flow line of mountain glaciers (https://doi.org/10.1029/2011JF002104)",
169,2006-08-01,2006-08-31,ground,radar,,Huilin Li,Chinese Academy of Sciences: Tianshan Glaciological Station,"Wang, P., Z. Li, and H. Li (2011): Ice volume changes and their characteristics for representative glacier against the background of climatic warming: A case study of Urumqi Glacier No. 1, Tianshan, China [in Chinese with English abstract], Journal of Natural Resources, 26(7), 1189–1198 (https://en.cnki.com.cn/Article_en/CJFDTotal-ZRZX201107010.htm)",
170,2013-05-20,,ground,radar,monopulse ground radar VIRL-6 with central frequency of 20 MHz,Ivan Lavrentiev | others,,"Petrakov, D.A., I.I. Lavrentiev, N.V. Kovalenko, R.A. Usubaliev (2014): Ice thickness, volume and modern change of the Sary-Tor glacier area (Ak-Shyirak Massif, Inner Tian Shan). Kriosfera Zemli, vol. XVIII, issue 3, pp. 91–100.",ELEVATION: ASTERGDEMV.2. Point data have been thinned (mean) within a search distance of 10 m.
171,2012-03-26,,ground,radar,"Mala ProEx, 25MHz RTA antenna",Andri Moll | Horst Machguth,University of Zurich (UZH): Department of Geography,"Moll, A. (2012): Master thesis, University of Zurich",ELEVATION: Swiss Alti3D DEM (summer 2010)
172,2014-08-15,,ground,radar,"Mala ProEx, 50 MHz RTA antenna, handheld GPS",Elisa Bjerre | Peter Alexander Stentoft,Technical University of Denmark (DTU): Arctic Technology Centre,"Stentoft, P. and E. Bjerre (2014): Bachelor thesis, Denmark Technical University.",
173,2017-09-04,,ground,radar,"RES proprietary 7MHz dipole transmitter/receiver, assuming constant wave velocity in ice of 0.167 m/ns",Ian Raphael | Robert Hawley,Dartmouth College,,
174,2018-07-26,,ground,radar,"MALAGS/GPR, 100-MHz, assuming a constant wave velocity in ice of 0.17 m per ns.",Enrico Mattea | Eliane Brändle,University of Fribourg,,Survey extent limited by rockfall danger to the west of the surveyed glacier. Measured values were averaged over 2-meter segments. Point coordinates represent the midpoint of each segment.
175,2010-10-01,2010-10-31,ground,radar,"A pulse EKKO PRO 100A enhanced ground penetrating radar (GPR; Sensors & Software Inc., Mississauga, Canada) was used, assuming a constant wave velocity in ice of 0.169 m per ns.",Huilin Li | others,Chinese Academy of Sciences: Cold and Arid Regions Environmental and Engineering Research Institute,"Li, H. et al. (2012): An extended 'perfect-plasticity' method for estimating ice thickness along the flow line of mountain glaciers (https://doi.org/10.1029/2011JF002104)",
176,2010-09-03,,ground,radar,"A pulse EKKO PRO 100A enhanced ground penetrating radar (GPR; Sensors & Software Inc., Mississauga, Canada) was used, assuming a constant wave velocity in ice of 0.169 m per ns.",Huilin Li | others,Chinese Academy of Sciences: Cold and Arid Regions Environmental and Engineering Research Institute,Li et al. (2013). JGR.,ELEVATION: SRTM
177,2009-08-01,,ground,radar,"A pulse EKKO PRO 100A enhanced ground penetrating radar (GPR; Sensors & Software Inc., Mississauga, Canada) was used, assuming a constant wave velocity in ice of 0.169 m per ns.",Huilin Li | others,Chinese Academy of Sciences: Cold and Arid Regions Environmental and Engineering Research Institute,,
178,2008-08-01,2008-08-31,ground,radar,"A pulse EKKO PRO 100A enhanced ground penetrating radar (GPR; Sensors & Software Inc., Mississauga, Canada) was used, assuming a constant wave velocity in ice of 0.169 m per ns.",Huilin Li | others,Chinese Academy of Sciences: Cold and Arid Regions Environmental and Engineering Research Institute,Wang et al. (2017). GPC,
179,1980-01-01,1980-12-31,ground,radar,"A self-made ground penetrating radar was used, operating at frequency of 300 MHZ.",Huilin Li | others,Chinese Academy of Sciences: Cold and Arid Regions Environmental and Engineering Research Institute,"Li, H. et al. (2012): An extended 'perfect-plasticity' method for estimating ice thickness along the flow line of mountain glaciers (https://doi.org/10.1029/2011JF002104)",
180,2012-07-26,2012-07-29,ground,radar,"The ice radar consists of a transmitter, receiver and 20m long dipole antennas. The central wave frequency was 5 MHz. Vertical resolution expected for ice thickness measurements with this frequency is 8.4 m. The radar system was manufactured by The Ohio State University in 2012.",Shin Sugiyama | others,GRENE | ArCS | MEXT | JSPS,"Sugiyama et al. (2014): Initial field observations on Qaanaaq ice cap, northwestern Greenland. Annals of Glaciology (https://doi.org/10.3189/2014AoG66A102)",Dual frequency kinematic GPS survey was perfomed at the survey sites.
181,2014-05-20,,ground,radar,Malå RAMAC GPR and 100 MHz antenna,Jakob Abermann | others,Greenland Ecosystem Monitoring (GEM) | ASIAQ Greenland Survey,"Abermann, J., D. van As, D. Petersen, M. Nauta, S. Wacker (2014): A new glacier monitoring site in West Greenland. Poster presentation at the 2014 AGU Fall Meeting (https://nuuk-basic.dk/fileadmin/Resources/DMU/GEM/Nuuk/nye/poster_JAB_Qassinnguit.pdf)",
182,2017-08-15,,ground,radar,Malå RAMAC GPR and 100 MHz antenna,Jakob Abermann | Jakob Steiner | Rainer Prinz | Peter Lisager,Government of Greenland | ASIAQ Greenland Survey,,
183,2016-04-12,,ground,radar,NVE radar for deeper parts (8-10MHz) & Malå RAMAC/GPR proEx system for shallower parts (25 MHz),Kjetil Melvold | others,Norwegian Water Resources and Energy Directorate (NVE),"Melvold, K. (2017): Mapping ice thickness on Ålfotbreen. In: Glaciological investigations in Norway in 2016. NVE Report 76, p 82-91 (https://hdl.handle.net/11250/2633891)",
184,1989-04-15,1989-04-17,ground,radar,10MHz,Michael Kennett | others,Norwegian Water Resources and Energy Directorate (NVE),Andreassen et al. (2015): Ice thickness measurements and volume estimates for glaciers in Norway (https://doi.org/10.3189/2015JoG14J161),"A thinned data set. Measurements include winter snow. ELEVATION: Norway DTM20, independent of the ice thickness measurements."
185,2010-04-15,2010-04-16,ground,radar,monopulse ground radar VIRL‑6 with central frequency of 20 MHz,Ivan Lavrentiev | others,Russian Academy of Sciences: Institute of Geography (IGRAS) | European Science Foundation: SvalGlac,"Martín‑Español et al. (2013): Radio‑echo sounding and ice volume estimates of western Nordenskiöld Land glaciers, Svalbard (https://doi.org/10.3189/2013AoG64A109) | Lavrentiev, I.I., A.F. Glazovsky, Y.Ya. Macheret, A.Ya. Muraviev: Reserves of ice in glaciers on the Nordenskiöld Land, Spitsbergen, and their changes over the last decades. Ice and Snow. [Russian]",ELEVATION: ArcticDEM
186,2013-04-20,,ground,radar,monopulse ground radar VIRL‑6 with central frequency of 20 MHz,Ivan Lavrentiev | others,Russian Academy of Sciences: Institute of Geography (IGRAS),"Lavrentiev, I.I., A.F. Glazovsky, Y.Ya. Macheret, A.Ya. Muraviev: Reserves of ice in glaciers on the Nordenskiöld Land, Spitsbergen, and their changes over the last decades. Ice and Snow. [Russian]",ELEVATION: ASTERGDEM2
187,2013-04-27,,ground,radar,monopulse ground radar VIRL‑6 with central frequency of 20 MHz,Ivan Lavrentiev | others,Russian Academy of Sciences: Institute of Geography (IGRAS) | European Science Foundation: SvalGlac,"Lavrentiev, I.I., A.F. Glazovsky, Y.Ya. Macheret, A.Ya. Muraviev: Reserves of ice in glaciers on the Nordenskiöld Land, Spitsbergen, and their changes over the last decades. Ice and Snow. [Russian]",ELEVATION: ASTERGDEM2
188,2012-04-20,,ground,radar,monopulse ground radar VIRL‑6 with central frequency of 20 MHz,Ivan Lavrentiev | others,Russian Academy of Sciences: Institute of Geography (IGRAS),"Martín‑Español et al. (2013): Radio‑echo sounding and ice volume estimates of western Nordenskiöld Land glaciers, Svalbard (https://doi.org/10.3189/2013AoG64A109) | Lavrentiev, I.I., A.F. Glazovsky, Y.Ya. Macheret, A.Ya. Muraviev: Reserves of ice in glaciers on the Nordenskiöld Land, Spitsbergen, and their changes over the last decades. Ice and Snow. [Russian]",ELEVATION: ArcticDEM
189,2012-04-20,,ground,radar,monopulse ground radars VIRL‑6 and VIRL-7 with central frequency of 20 MHz,Ivan Lavrentiev | others,Russian Academy of Sciences: Institute of Geography (IGRAS),"Martín‑Español et al. (2013): Radio‑echo sounding and ice volume estimates of western Nordenskiöld Land glaciers, Svalbard (https://doi.org/10.3189/2013AoG64A109) | Lavrentiev, I.I., A.F. Glazovsky, Y.Ya. Macheret, A.Ya. Muraviev: Reserves of ice in glaciers on the Nordenskiöld Land, Spitsbergen, and their changes over the last decades. Ice and Snow. [Russian]",ELEVATION: ArcticDEM
190,2011-04-27,,ground,radar,monopulse ground radar VIRL‑6 with central frequency of 20 MHz,Ivan Lavrentiev | others,Russian Academy of Sciences: Institute of Geography (IGRAS),"Martín‑Español et al. (2013): Radio‑echo sounding and ice volume estimates of western Nordenskiöld Land glaciers, Svalbard (https://doi.org/10.3189/2013AoG64A109) | Lavrentiev, I.I., A.F. Glazovsky, Y.Ya. Macheret, A.Ya. Muraviev: Reserves of ice in glaciers on the Nordenskiöld Land, Spitsbergen, and their changes over the last decades. Ice and Snow. [Russian]",ELEVATION: AsterGDEM2
191,2013-04-15,2013-04-17,ground,radar,monopulse ground radar VIRL‑6 with central frequency of 20 MHz,Ivan Lavrentiev | others,Russian Academy of Sciences: Institute of Geography (IGRAS),"Lavrentiev, I.I., A.F. Glazovsky, Y.Ya. Macheret, A.Ya. Muraviev: Reserves of ice in glaciers on the Nordenskiöld Land, Spitsbergen, and their changes over the last decades. Ice and Snow. [Russian]",ELEVATION: AsterGDEM2
192,2011-04-26,,ground,radar,monopulse ground radar VIRL‑6 with central frequency of 20 MHz,Ivan Lavrentiev | others,Federal State Budgetary Institution: Arctic and Antarctic Research Institute (AARI) | Russian Academy of Sciences: Institute of Geography (IGRAS),"Martín‑Español et al. (2013): Radio‑echo sounding and ice volume estimates of western Nordenskiöld Land glaciers, Svalbard (https://doi.org/10.3189/2013AoG64A109) | Lavrentiev, I.I., A.F. Glazovsky, Y.Ya. Macheret, A.Ya. Muraviev: Reserves of ice in glaciers on the Nordenskiöld Land, Spitsbergen, and their changes over the last decades. Ice and Snow. [Russian]",ELEVATION: AsterGDEM2
193,2013-08-28,,ground,radar,monopulse ground radar VIRL‑6 with central frequency of 20 MHz,Ivan Lavrentiev | others,Russian Academy of Sciences: Institute of Geography (IGRAS),"Nosenko, G.A., I.I. Lavrentiev, A.F. Glazovskii, N.E. Kasatkin, A.L. Kokarev (2016): The polythermal structure of central tuyuksu glacier. Kriosfera Zemli, Vol. XX, № 4, p. 105-115 [in Russian] (https://doi.org/10.21782/KZ1560-7496-2016-4(105-115))",ELEVATION: DGPS survey
194,2013-04-24,,ground,radar,monopulse ground radar VIRL‑6 with central frequency of 20 MHz,Ivan Lavrentiev | others,Russian Academy of Sciences: Institute of Geography (IGRAS),"Lavrentiev, I.I., A.F. Glazovsky, Y.Ya. Macheret, A.Ya. Muraviev: Reserves of ice in glaciers on the Nordenskiöld Land, Spitsbergen, and their changes over the last decades. Ice and Snow. [Russian]",ELEVATION: ArcticDEM
195,1999-05-06,1999-05-08,ground,radar,GPR VIRL2 15 MHz,Francisco J. Navarro,Universidad Politécnica de Madrid: Escuela Técnica Superior de Ingenieros de Telecomunicación (ETSIT) | Spanish National Plan of R&D,"Navarro et al. (2005): Ice-volume changes (1936–1990) and structure of Aldegondabreen, Spitsbergen (https://doi.org/10.3189/172756405781812646)",
196,2015-09-16,,ground,radar,"Two GPR systems: 1. Mala Geoscience, rough terrain 100-MHz unshielded antenna, 2. Ingegneria dei Sistemi, sled-mounted 200-MHz shielded antenna. Constant wave velocity in ice of 0.168 m per ns.",Pascal Bohleber | others,National Geographic,Bohleber et al. (2017): Ground-penetrating radar reveals ice thickness and undisturbed englacial layers at Kilimanjaro's Northern Ice Field (https://doi.org/10.5194/tc-11-469-2017),
197,2008-02-25,2013-03-12,air,radar,"GPR, assuming a constant wave velocity in ice of 0.168 m per ns",Andreas Bauder | others,ETH Zurich,"Rutishauser, A., Maurer, H., & Bauder, A. (2016): Helicopter-borne ground-penetrating radar investigations on temperate alpine glaciers. Geophysics, 81(1), WA119-WA129 (https://doi.org/10.1190/geo2015-0144.1) | GLAMOS (2018): Swiss Glacier Ice Thickness, release 2018. Glacier Monitoring Switzerland (https://doi.org/10.18750/icethickness.2018.r2018)",
198,1992-01-01,2006-12-31,air,radar,"GPR, assuming a constant wave velocity in ice of 0.168 m per ns",Andreas Bauder | others,ETH Zurich,"GLAMOS (2018): Swiss Glacier Ice Thickness, release 2018. Glacier Monitoring Switzerland (https://doi.org/10.18750/icethickness.2018.r2018)",
199,2004-01-01,2004-12-31,air,radar,"GPR, assuming a constant wave velocity in ice of 0.168 m per ns",Andreas Bauder | others,ETH Zurich,"Sugiyama, S., Bauder, A., Huss, M., Riesen, P., & Funk, M. (2008): Triggering and drainage mechanisms of the 2004 glacier-dammed lake outburst in Gornergletscher, Switzerland. Journal of Geophysical Research (https://doi.org/10.1029/2007JF000920)",
200,1999-04-23,,air,radar,"GPR, assuming a constant wave velocity in ice of 0.168 m per ns",Andreas Bauder | others,ETH Zurich,"Feiger et al. (2018): The bedrock topography of Gries- and Findelengletscher (https://doi.org/10.5194/gh-73-1-2018) | GLAMOS (2018): Swiss Glacier Ice Thickness, release 2018. Glacier Monitoring Switzerland (https://doi.org/10.18750/icethickness.2018.r2018)",
201,2007-01-01,2008-07-23,air,radar,"GPR, assuming a constant wave velocity in ice of 0.168 m per ns",Andreas Bauder | others,ETH Zurich,"Farinotti, D., Huss, M., Bauder, A., Funk, M., & Truffer, M. (2009): A method to estimate the ice volume and ice-thickness distribution of alpine glaciers. Journal of Glaciology, 55(191), 422-430 (https://doi.org/10.3189/002214309788816759) | GLAMOS (2018): Swiss Glacier Ice Thickness, release 2018. Glacier Monitoring Switzerland (https://doi.org/10.18750/icethickness.2018.r2018)",
202,2007-01-01,2007-12-31,ground,radar,"GPR, assuming a constant wave velocity in ice of 0.168 m per ns",Andreas Bauder | others,ETH Zurich,"Huss, M., Farinotti, D., Bauder, A., & Funk, M. (2008): Modelling runoff from highly glacierized alpine drainage basins in a changing climate. Hydrological processes, 22(19), 3888-3902 (https://doi.org/10.1002/hyp.7055) | GLAMOS (2018): Swiss Glacier Ice Thickness, release 2018. Glacier Monitoring Switzerland (https://doi.org/10.18750/icethickness.2018.r2018)",
203,1983-04-23,1983-04-28,air,radar,"SPRI Mk. IV pulse-modulated radar system, at 60 MHz centre frequency. Mounted on a de Havilland Twin Otter aircraft. RWV of 0.168 m/ns for time-to-depth conversion.",Julian A. Dowdeswell (Scott Polar Research Institute) | Toby J. Benham (Scott Polar Research Institute),"Natural Environment Research Council (grant GR3/4463 to D.J. Drewry, studentship to J.A. Dowdeswell) | NATO (grant for meetings) | British Antarctic Survey (loan of Twin Otter aircraft) | Store Norske Spitsbergen Kulkompani (support of field operations)","Dowdeswell et al. (1986). Digital mapping of the Nordaustlandet ice caps from airborne geophysical investigations. Annals of Glaciology, 8, 51-58 (https://doi.org/10.3189/S0260305500001130) | Dowdeswell, J.A. (1986): Drainage-basin characteristics of Nordaustlandet ice caps, Svalbard. Journal of Glaciology, 32(110), 31-38 (https://doi.org/10.3189/S0022143000006845) | Bamber, J.L. (1987): Internal reflecting horizons in Spitsbergen glaciers. Annals of Glaciology, 9, 5-10 (https://doi.org/10.3189/S0260305500200682)",Compiled by Johannes J. Fürst and Francisco Navarro.
204,2008-04-26,2008-05-03,ground,radar,"GPR VIRL7 20 MHz, antennae pulled by snowmobile. Error_H=SQRT(v^2*(Error_t)^2+t^2*(Error_v)^2))/2, t=TWTT. BP filter., normal moveout, ampl. corr., Stolt F-K migration, time-depth conv. v=0.168 m/ns. Point coord. stand-alone GPS.",Francisco J. Navarro (Universidad Politecnica de Madrid) | Evgeny Vasilenko (Academy of Sciences of Uzbekistan),"International Polar Year (IPY): GLACIODYN project | Spanish National R&D programme, project CGL2005-05483 (MEC)","Vasilenko, E., F. Navarro, T. Dunse, H. Eiken, J.O. Hagen & G. Moholdt (2010): New low-frequency radio-echo soundings of Austfonna ice cap, Svalbard. In: The Dynamics and Mass Budget of Arctic Glaciers. Dan. Grønl. Geol. Unders. Rapp. 127, 66-67.",
205,1986-05-01,1986-05-31,air,radar,"SPRI Mk. IV pulse-modulated radar system, at 60 MHz centre frequency. Mounted on a de Havilland Twin Otter aircraft. RWV of 0.168 m/ns for time-to-depth conversion.",Julian A. Dowdeswell (Scott Polar Research Institute) | Toby J. Benham (Scott Polar Research Institute),"Natural Environment Research Council (grant GR3/4463 to D.J. Drewry, studentship to J.A. Dowdeswell) | NATO (grant for meetings) | British Antarctic Survey (loan of Twin Otter aircraft) | Store Norske Spitsbergen Kulkompani (support of field operations)","Dowdeswell et al. (1986). Digital mapping of the Nordaustlandet ice caps from airborne geophysical investigations. Annals of Glaciology, 8, 51-58 (https://doi.org/10.3189/S0260305500001130) | Dowdeswell, J.A. (1986): Drainage-basin characteristics of Nordaustlandet ice caps, Svalbard. Journal of Glaciology, 32(110), 31-38 (https://doi.org/10.3189/S0022143000006845) | Bamber, J.L. (1987): Internal reflecting horizons in Spitsbergen glaciers. Annals of Glaciology, 9, 5-10 (https://doi.org/10.3189/S0260305500200682)",Compiled by Johannes J. Fürst and Francisco Navarro.
206,2008-05-01,2009-05-08,ground,radar,Pulsed radar system comprising resistively loaded dipole antennae with a centre frequency of 10 MHz.,Rickard Pettersson (University of Uppsala),"UK Natural Environment Research Council (NERC) | Swedish National Research Council, IPY-KINNVIKA project | Swedish Polar Secretariat","Pettersson et al. (2011): Ice thickness and basal conditions of Vestfonna ice cap, eastern Svalbard (https://doi.org/10.1111/j.1468-0459.2011.00438.x)",Compiled by Johannes J. Fürst and Francisco Navarro.
207,1986-05-01,1986-05-31,air,radar,"SPRI Mk. IV pulse-modulated radar system, at 60 MHz centre frequency. Mounted on a de Havilland Twin Otter aircraft. RWV of 0.168 m/ns for time-to-depth conversion.",Julian A. Dowdeswell (Scott Polar Research Institute) | Toby J. Benham (Scott Polar Research Institute),Norsk Polarinstitutt | European Commission (EPOCH CT91-0035 grant),"Dowdeswell, J.A. and Bamber, J.L. (1995): On the glaciology of Edgeøya and Barentsøya, Svalbard. Polar Research, 14(2), 105-122 (https://doi.org/10.3402/polar.v14i2.6658)",Compiled by Johannes J. Fürst and Francisco Navarro.
208,2008-03-31,2009-04-01,ground,radar,"Ramac/GPR 25 MHz, antennae pulled by snowmobile. Error_H=SQRT(v^2*(Error_t)^2+t^2*(Error_v)^2))/2, t=TWTT. Time-depth conv. v=0.168 m/ns.",Mariusz Grabiec (University of Silesia),"Data collected under grant IPY/269/2006, further processed under Polish-Norwegian funding through the AWAKE (PNRF-22-AI-1/07) project; and the ice2sea programme from the European Union 7th Framework Programme.","Navarro, F.J. et al. (2014): Ice volume estimates from ground-penetrating radar surveys, Wedel Jarlsberg Land Glaciers, Svalbard. Arctic, Antarctic, and Alpine Research, 46(2), 394-406 (https://doi.org/10.1657/1938-4246-46.2.394)",Compiled by Johannes J. Fürst and Francisco Navarro.
209,2007-04-17,,ground,radar,"Ramac/GPR 25 MHz, antennae pulled by snowmobile. Error_H=SQRT(v^2*(Error_t)^2+t^2*(Error_v)^2))/2, t=TWTT. BP filter., normal moveout, ampl. corr., Stolt F-K migration, time-depth conv. v=0.168 m/ns. Point coord. stand-alone GPS.",Javier Lapazaran (Universidad Politecnica de Madrid) | Francisco Machio (Universidad Politecnica de Madrid) | Francisco J. Navarro (Universidad Politecnica de Madrid),International Polar Year (IPY): GLACIODYN project | Spanish National R&D programme: project CGL2005-05483 (MEC) | Polish Ministry of Science and Higher Education: grant N306 094939,"Lapazaran, J.J. et al. (2013): Ice volume changes (1936-1990-2007) and ground-penetrating radar studies of Ariebreen, Hornsund, Spitsbergen. Polar Research, 32: 11068 (https://doi.org/10.3402/polar.v32i0.11068) | Navarro, F.J. et al. (2014): Ice volume estimates from ground-penetrating radar surveys, Wedel Jarlsberg Land Glaciers, Svalbard. Arctic, Antarctic, and Alpine Research, 46(2), 394-406 (https://doi.org/10.1657/1938-4246-46.2.394)","Contributed by Francisco Navarro (Universidad Politecnica de Madrid, Madrid) and Evgeny Vasilenko (Academy of Sciences of Uzbekistan, Tashkent)."
210,2011-04-09,2011-04-27,ground,radar,"GPR VIRL7 20 MHz, antennae pulled by snowmobile. Error_H=SQRT(v^2*(Error_t)^2+t^2*(Error_v)^2))/2, t=TWTT. BP filter., normal moveout, ampl. corr., Stolt F-K migration, time-depth conv. v=0.166 m/ns. Point coord. stand-alone GPS.",Francisco J. Navarro (Universidad Politecnica de Madrid) | Evgeny Vasilenko (Academy of Sciences of Uzbekistan),"European Science Foundation: SvalGlac | Spanish Euroresearch programme, project EUI2009-04096 (MICINN) | Spanish National R&D programme, project CTM2008-05878 (MICINN)","Navarro, F.J. et al. (2014): Ice volume estimates from ground-penetrating radar surveys, Wedel Jarlsberg Land Glaciers, Svalbard. Arctic, Antarctic, and Alpine Research, 46(2), 394-406 (https://doi.org/10.1657/1938-4246-46.2.394)",
211,1980-04-15,1980-05-15,air,radar,"SPRI Mk. IV IV pulse-modulated radar system, at 60 MHz centre frequency. Mounted on a Bell 206 Jetranger helicopter. RWV of 0.168 m/ns for time-to-depth conversion.",Julian A. Dowdeswell (Scott Polar Research Institute) | Toby J. Benham (Scott Polar Research Institute),"Natural Environment Research Council (grant GR3/4463 to D.J. Drewry, studentship to J.A. Dowdeswell) | NATO (grant for meetings) | Norsk PolarInstitutt | Store Norske Spitsbergen Kulkompani (support of field operations)","Dowdeswell et al. (1984): Airborne radio echo sounding of sub-polar glaciers in Spitsbergen. Norsk Polarinstitutt. Skrifter 182 (https://hdl.handle.net/11250/173505) | Dowdeswell et al. (1984): Radio echo-sounding of Spitsbergen glaciers: Problems in the interpretation of layer and bottom returns. Journal of Glaciology, 30(104), 16-21 (https://doi.org/10.3189/S0022143000008431)",Compiled by Johannes J. Fürst and Francisco Navarro.
212,2013-04-20,2014-04-23,ground,radar,Mala Geoscience ProEx with RTA antenna of 30 MHz centre frequency. Pulled by snowmobile. Radio-wave velocity used for time-to-depth conversion: 0.164 m/ns.,Mariusz Grabiec (University of Silesia),AWAKE2 (Pol-Nor/198675/17/2013) | Funds of the Leading National Research Centre (KNOW) received from the Polish Ministry of Science and Higher Education by the Centre for Polar Studies for the period 2014–2018 (03/KNOW2/2014).,"Grabiec M. et al. (2018): Coast formation in an Arctic area due to glacier surge and retreat: The Hornbreen-Hambergbreen case from Spitsbergen. Earth Surface Processes and Landforms 43, 387-400 (https://doi.org/10.1002/esp.4251)",Compiled by Johannes J. Fürst and Francisco Navarro.
213,1994-04-21,1994-05-13,ground,drill,,Jacek Jania (University of Silesia),State Committee for Scientific Research (KBN): grant 6-6257-91-02,"Jania, J., D. Mochnacki and B. Gadek (1996): The thermal structure of Hansbreen, a tidewater glacier in southern Spitsbergen, Svalbard. Polar Research, 15(1), 53-66 (https://doi.org/10.3402/polar.v15i1.6636)",Deep ice cores on Hansbreen
214,2008-04-01,,ground,radar,"Ramac/GPR 25 MHz, antennae pulled by snowmobile. Error_H=SQRT(v^2*(Error_t)^2+t^2*(Error_v)^2))/2, t=TWTT. Time-depth conv. v=0.166 m/ns.",Mariusz Grabiec (University of Silesia),"Data collected under grant IPY/269/2006, further processed under Polish-Norwegian funding through the AWAKE (PNRF-22-AI-1/07) project; and the ice2sea programme from the European Union 7th Framework Programme.","Navarro, F.J. et al. (2014): Ice volume estimates from ground-penetrating radar surveys, Wedel Jarlsberg Land Glaciers, Svalbard. Arctic, Antarctic, and Alpine Research, 46(2), 394-406 (https://doi.org/10.1657/1938-4246-46.2.394)",Compiled by Johannes J. Fürst and Francisco Navarro.
215,2011-04-20,,air,radar,"GPR VIRL7 20 MHz, helicopter-borne. Error_H=SQRT(v^2*(Error_t)^2+t^2*(Error_v)^2))/2, t=TWTT. BP filter., normal moveout, ampl. corr., Stolt F-K migration, time-depth conv. v=0.166 m/ns. Point coord. differential GPS.",Francisco J. Navarro (Universidad Politecnica de Madrid) | Evgeny Vasilenko (Academy of Sciences of Uzbekistan),"European Science Foundation: SvalGlac | Spanish Euroresearch programme, project EUI2009-04096 (MICINN) | Spanish National R&D programme, project CTM2008-05878 (MICINN)","Navarro, F.J. et al. (2014): Ice volume estimates from ground-penetrating radar surveys, Wedel Jarlsberg Land Glaciers, Svalbard. Arctic, Antarctic, and Alpine Research, 46(2), 394-406 (https://doi.org/10.1657/1938-4246-46.2.394)",
216,1980-01-01,1980-12-31,ground,drill,"Thermo-mechanical drilling – Zagorodnov, V.S. (1988): Recent Soviet activities on ice core drilling and core investigations in Arctic region. Bulletin of Glacier Research, 6, 81-84.",Victor S. Zagorodnov (USSR Academy of Sciences: Institute of Geography),USSR Academy of Sciences,"Zagorodnov, V., and O. Samoilov (1982): Internal structure of Spitsbergen glaciers. Data of Glaciological Studies, 44, 58-64. | Kotlyakov, V.M. et al. (2004): Deep drilling of glaciers in Eurasian Arctic as a source of paleoclimatic records. Quaternary Science Reviews, 23, 1371-1390 (https://doi.org/10.1016/j.quascirev.2003.12.013)",Deep ice core on Amundsenisen.
217,2011-04-20,,air,radar,"GPR VIRL7 20 MHz, helicopter-borne. Error_H=SQRT(v^2*(Error_t)^2+t^2*(Error_v)^2))/2, t=TWTT. BP filter., normal moveout, ampl. corr., Stolt F-K migration, time-depth conv. v=0.166 m/ns. Point coord. differential GPS.",Francisco J. Navarro (Universidad Politecnica de Madrid) | Evgeny Vasilenko (Academy of Sciences of Uzbekistan),"European Science Foundation: SvalGlac | Spanish Euroresearch programme, project EUI2009-04096 (MICINN) | Spanish National R&D programme, project CTM2008-05878 (MICINN) | NCBiR/PolarCLIMATE-2009/2-2/2010 from the Polish National Centre for R&D","Navarro, F.J. et al. (2014): Ice volume estimates from ground-penetrating radar surveys, Wedel Jarlsberg Land Glaciers, Svalbard. Arctic, Antarctic, and Alpine Research, 46(2), 394-406 (https://doi.org/10.1657/1938-4246-46.2.394)",
218,1986-05-01,1986-05-31,air,radar,"SPRI Mk. IV pulse-modulated radar system, at 60 MHz centre frequency. Mounted on a de Havilland Twin Otter aircraft. RWV of 0.168 m/ns for time-to-depth conversion.",Julian A. Dowdeswell (Scott Polar Research Institute) | Toby J. Benham (Scott Polar Research Institute),"Natural Environment Research Council (grant GR3/4463 to D.J. Drewry, studentship to J.A. Dowdeswell) | NATO (grant for meetings) | Norsk PolarInstitutt | Store Norske Spitsbergen Kulkompani (support of field operations)","Dowdeswell et al. (1984): Airborne radio echo sounding of sub-polar glaciers in Spitsbergen. Norsk Polarinstitutt. Skrifter 182 (https://hdl.handle.net/11250/173505) | Dowdeswell et al. (1984): Radio echo-sounding of Spitsbergen glaciers: Problems in the interpretation of layer and bottom returns. Journal of Glaciology, 30(104), 16-21 (https://doi.org/10.3189/S0022143000008431)",Compiled by Johannes J. Fürst and Francisco Navarro.
219,2000-04-01,2002-04-30,ground,radar,"Sensors & Software PulseEkko100 GPR, at 50/100 MHz centre frequency. Towed by a snowmobile. Radio-wave velocity used for time-to-depth conversion: 0.168 m/ns",Thomas V. Schuler (University of Oslo) | Kjetil Melvold (Norwegian Water Resources and Energy Directorate),University of Svalbard (UNIS) | University of Oslo (UiO) | Store Norske Spitsbergen Kulkompani,"Schuler, T. and Melvold, K. (2004): Melt water production at Gruvefonna and subglacial water intrusions into Svea Nord Gruva. Report, Institutt for geofag, avdeling for Naturgeografi, Universitetet i Oslo, 36 pp.",Compiled by Johannes J. Fürst and Francisco Navarro.
220,1989-04-01,1989-05-31,ground,radar,Range-gated synthetic-pulse radar system with resistively loaded dipole 5-20 MHz antennae. Pulled by snowmobile. Radio-wave velocity used for time-to-depth conversion: 0.168 m/ns.,Svein-Erik Hamran (University of Oslo) | Thomas V. Schuler (University of Oslo) | Kjetil Melvold (Norwegian Water Resources and Energy Directorate),University of Oslo (UiO) | Store Norske Spitsbergen Kulkompani,"Hamran, S.-E., and E. Aarholt (1993): Glacier study using wavenumber domain synthetic aperture radar. Radio Science, 28 (4), 559-570 (https://doi.org/10.1029/92RS03022) | Schuler, T. and Melvold, K. (2004): Melt water production at Gruvefonna and subglacial water intrusions into Svea Nord Gruva. Report, Institutt for geofag, avdeling for Naturgeografi, Universitetet i Oslo, 36 pp.",Compiled by Johannes J. Fürst and Francisco Navarro.
221,2005-03-01,2005-06-30,ground,radar,Low-freq. Norsk Polarinstitutt radar of 6.5 MHz centre freq. Towed by a snowmobile. Radio-wave velocity used for time-to-depth conversion: 0.168 m/ns,Thomas V. Schuler (University of Oslo) | Kjetil Melvold (Norwegian Water Resources and Energy Directorate),Univeristy of Oslo | Store Norske Spitsbergen Kulkompani,"Melvold, K. and Schuler, T. (2008): Mapping of subglacial topography using GPR for determining subglacial hydraulic conditions. in: Applied Geophysics in Periglacial Environments, pp. 191-206 (https://doi.org/10.1017/CBO9780511535628.015)",Compiled by Johannes J. Fürst and Francisco Navarro.
222,2007-04-11,,ground,radar,Mala Geoscience Ramac/GPR at 50 MHz centre frequency. Towed by a snowmobile. Radio-wave velocity used for time-to-depth conversion: 0.168 m/ns,Thomas V. Schuler (University of Oslo) | Kjetil Melvold (Norwegian Water Resources and Energy Directorate),University of Oslo (UiO) | Store Norske Spitsbergen Kulkompani,"Schuler, T.V. and Müller, K. (2007): Geo-Radar measurements on Marthabreen and Sysselmannbreen. Institutt for geofag, Univ. i Oslo, Intern oppdragsrapport til Store Norske, 14 pp.",Compiled by Johannes J. Fürst and Francisco Navarro.
223,2009-04-01,2009-04-30,ground,radar,Mala Geoscience Ramac/GPR at 50 MHz centre frequency. Towed by a snowmobile. Radio-wave velocity used for time-to-depth conversion: 0.168 m/ns.,Thomas V. Schuler (University of Oslo) | Kjetil Melvold (Norwegian Water Resources and Energy Directorate),University of Oslo (UiO) | Store Norske Spitsbergen Kulkompani,"Schuler, T.V. (2009): Interpolasjon av nytt bunnkart for Marthabreen, inkl nye data fra 2009. Report, Institutt for Geofag Universitetet i Oslo, 5 pp.",Compiled by Johannes J. Fürst and Francisco Navarro.
224,2001-09-01,2001-09-30,ground,radar,Mala Geoscience Ramac/GPR at 50 MHz centre frequency. Towed by a snowmobile. Radio-wave velocity used for time-to-depth conversion: 0.168 m/ns,Thomas V. Schuler (University of Oslo) | Kjetil Melvold (Norwegian Water Resources and Energy Directorate),Univeristy of Oslo | Store Norske Spitsbergen Kulkompani,"Schuler, T. and Melvold, K. (2004): Melt water production at Gruvefonna and subglacial water intrusions into Svea Nord Gruva. Report, Institutt for geofag, avdeling for Naturgeografi, Universitetet i Oslo, 36 pp.",Compiled by Johannes J. Fürst and Francisco Navarro.
225,1988-05-20,,ground,radar,MARK II low-frequency monopulse radar unit of 8 MHz – Sverrisson et al. (1980): Radio-echo equipment for depth sounding of temperate glaciers (https://doi.org/10.3189/S0022143000015318). Pulled by snowmobile. Radio-wave velocity used for time-to-depth conversion: 0.169 m/ns.,Jon Ove Hagen (University of Oslo),Norsk Polarinstitutt,"Hagen, J.O. and Sætrang, A. (1991): Radio-echo soundings of sub-polar glaciers with low-frequency radar. Polar Research, 9(1), 99-107 (https://doi.org/10.3402/polar.v9i1.6782)","Contributed by Jack Kohler and Katrin Lindbäck (Norwegian Polar Institute, Tromso). Compiled by Johannes J. Fürst and Francisco Navarro."
226,1988-01-01,1988-12-31,ground,drill,,Helgi Björnsson (University of Iceland) | Finnur Pálsson (University of Iceland),Norwegian National Committee for Hydrology | Nordic Council of Science (NOS-N grant) | NATO (collaborative grant CRG 910057),"Björnsson, H. et al. (1996): The thermal regime of sub-polar glaciers mapped by multi-frequency radio-echo sounding. Journal of Glaciology, 42(140), 23-32 (https://doi.org/10.3189/S0022143000030495)",
227,1990-01-01,1990-12-31,ground,radar,"Range-gated synthetic-pulse radar system – Hamran et al. (1995): Ground penetrating synthetic pulse radar: dynamic range and modes of operation (https://doi.org/10.1016/0926-9851(95)90025-X). Resistively loaded dipole antennae, 5-20 MHz, 75 KHz freq. steps, range resol. 5.6 m. Towed by snowmobile. Radio-wave velocity for time-to-depth conversion: 0.167 m/ns.",Helgi Björnsson (University of Iceland) | Finnur Pálsson (University of Iceland),Norwegian National Committee for Hydrology | Nordic Council of Science (NOS-N) | NATO (CRG 910057),"Björnsson, H. et al. (1996): The thermal regime of sub-polar glaciers mapped by multi-frequency radio-echo sounding. Journal of Glaciology, 42(140), 23-32 (https://doi.org/10.3189/S0022143000030495)",Compiled by Johannes J. Fürst and Francisco Navarro.
228,2006-04-15,2006-05-15,ground,radar,"PulseEkko 100 GPR system, at 50 MHz centre frequency. Towed by snowmobile. Radio-wave velocity for time-to-depth conversion: 0.165 m/ns",David Rippin (University of York),Hull Environmental Research Institute | Scott Polar Research Institute | GPR provided by Natural Environment Research Council Geophysical Equipment Facility | Logistic support by Norwegian Polar Institute and Ny-Alesund International Research Station,"Rippin, D. and I. Willis (2008): GPR reveals rapid changes in the thermal regime of a polythermal glacier in response to a changing climate. Abstract 51A020, IGS International Symposium on Radioglaciology & its Applications, Madrid, Spain.",Compiled by Johannes J. Fürst and Francisco Navarro.
229,2010-04-24,,ground,radar,Mala Geoscience Ramac/GPR at 50 and 100 MHz central frequencies. Man-towed. Radio-wave velocity for time-to-depth conversion: 0.170 m/ns.,Albane Saintenoy (Université Paris-Sud),ANR program blanc-0310 | IPEV program 304 | CNRS-GDR 3062 Mutations Polaires,"Saintenoy, A. et al. (2013): Deriving ice thickness, glacier volume and bedrock morphology of Austre Lovénbreen (Svalbard) using GPR. Near Surface Geophysics, 11, 253-261 (https://doi.org/10.3997/1873-0604.2012040)",Compiled by Johannes J. Fürst and Francisco Navarro.
230,2010-04-01,2010-04-30,ground,radar,"GPR pulseEKKO PRO, with 100 MHz central freq. and in-house built low-freq. radar of 5 MHz of central freq. Towed by snowmobile. Radio-wave velocity for time-to-depth conversion: 0.165 m/ns.",Songtao Ai (Wuhan University),"Chinese Polar Envir. Compreh. Invest. & Assess. Progr. | National High Tech. R&D Progr. of China (2012AA12A304) | Nat. Natural Sci. Found. of China (41076126, 41106163, 41174029, 41176172) | Chinese Polar Sci. Strategy Project (20080203, 20100103)","Ai, S. et al. (2014): Topography, ice thickness and ice volume of the glacier Pedersenbreen in Svalbard, using GPR and GPS. Polar Research, 33, 18533 (https://doi.org/10.3402/polar.v33.18533)",Compiled by Johannes J. Fürst and Francisco Navarro.
231,2015-05-08,2015-05-09,ground,radar,"Mala Geosci. radar system: XV monitor, ProEx control unit, unshielded rough terrain antennae (RTA), with elements oriented in-line. Central freq. of 100 and 25 MHz. Towed by snowmobile. Radio-wave velocity for time-to-depth conversion: 0.167 m/ns.",Douglas I. Benn (University of St Andrews) | Heïdi Sevestre (University of St Andrews),Svalbard Science Forum | Arctic Field Grant (projects 5260 and 6053) | Conoco-Phillips Lundin Northern Area Program (project CRIOS),"Sevestre, H., D.I. Benn, N.R.J. Hulton, and K. Bælum (2015): Thermal structure of Svalbard glaciers and implications for thermal switch models of glacier surging. Journal of Geophysical Research Earth Surface, 120, 2220-2236 (https://doi.org/10.1002/2015JF003517)",Compiled by Johannes J. Fürst and Francisco Navarro.
232,1995-01-01,1995-12-31,ground,radar,Mark II low-frequency monopulse radar unit of 8 MHz central frequency and bandwidth of 10 MHz – modified from Sverrisson et al. (1980): Radio-echo equipment for depth sounding of temperate glaciers (https://doi.org/10.3189/S0022143000015318). Pulled by snowmobile.,Kjetil Melvold (Norwegian Water Resources and Energy Directorate) | Jon Ove Hagen (University of Oslo),Norsk Polarinstitutt,"Melvold, K. and Hagen, J.O. (1998): Evolution of a surge-type glacier in its quiescent phase: Kongsvegen, Spitsbergen, 1964-95. Journal of Glaciology, 44, 394-404 (https://doi.org/10.3189/S0022143000002720)","Contributed by Jack Kohler and Katrin Lindbäck (Norwegian Polar Institute, Tromso). Compiled by Johannes J. Fürst and Francisco Navarro."
233,2009-05-05,2016-04-29,,radar,10 MHz centre frequency impulse radar. Radio-wave velocity for time-to-depth conversion: 0.169 m/ns,Jack Kohler (Norwegian Polar Institute) | Katrin Lindbäck (Norwegian Polar Institute),"Research Council of Norway | Polish-Norwegian Research Programme | Norwegian Polar Institute: Centre for Ice, Climate, and Ecosystems | Swedish Society for Anthropology and Geography | Svalbard Science Forum | Nordic Centre of Excellence SVALI","Lindbäck et al. (2018): Subglacial topography, ice thickness, and bathymetry of Kongsfjorden, northwestern Svalbard. Earth System Science Data, 10, 1769–1781 (https://doi.org/10.5194/essd-10-1769-2018)",Compiled by Johannes J. Fürst and Francisco Navarro.
234,2014-05-01,2016-12-31,air,radar,10 MHz centre frequency impulse radar. Helicopter-borne. Radio-wave velocity for time-to-depth conversion: 0.169 m/ns,Jack Kohler (Norwegian Polar Institute) | Katrin Lindbäck (Norwegian Polar Institute),"Research Council of Norway | Polish-Norwegian Research Programme | Norwegian Polar Institute: Centre for Ice, Climate, and Ecosystems | Swedish Society for Anthropology and Geography | Svalbard Science Forum | Nordic Centre of Excellence SVALI","Lindbäck et al. (2018): Subglacial topography, ice thickness, and bathymetry of Kongsfjorden, northwestern Svalbard. Earth System Science Data, 10, 1769–1781 (https://doi.org/10.5194/essd-10-1769-2018)",Compiled by Johannes J. Fürst and Francisco Navarro.
235,1987-01-01,1987-12-31,ground,drill,"Thermo-mechanical drilling – Zagorodnov, V.S. (1988): Recent Soviet activities on ice core drilling and core investigations in Arctic region. Bulletin of Glacier Research, 6, 81-84.",Serguei M. Arkhipov (USSR Academy of Sciences: Institute of Geography),USSR Academy of Sciences,"Arkhipov, S.M. et al. (1987): Polar Geography and Geology 11(1), 25-49 (https://doi.org/10.1080/10889378709377309) | Zagorodnov, V., and S. Arkhipov (1990): Studies of structure, composition and temperature regime of sheet glaciers of Svalbard and Severnaya Zemlya: methods and outcomes. Bulletin of Glacier Research, 8, 19-28. | Kotlyakov, V.M. et al. (2004): Deep drilling of glaciers in Eurasian Arctic as a source of paleoclimatic records. Quaternary Science Reviews, 23, 1371-1390 (https://doi.org/10.1016/j.quascirev.2003.12.013)",Deep ice core on Austfonna
236,2010-03-18,,ground,radar,"15 MHz impulse radar (own design). Towed by snowmobile, positioned using Dual frequency carrier-phase GPS (Trimble R7). Radio-wave velocity used for time-to-depth conversion: 0.169 m/ns.",Rickard Pettersson (University of Uppsala),Swedish Research Council | YMER-80 Foundation,"Pettersson, R. et al. (2013). An iterative inverse method to estimate basal topography and initialize ice flow models. The Cryosphere, 7, 987-1006 (https://doi.org/10.5194/tc-7-987-2013)",Compiled by Johannes J. Fürst and Francisco Navarro.
237,1987-05-01,1987-06-30,ground,drill,Electro-mechanical drill by the Japanese Arctic Glaciological Expedition (JAGE).,"Yoshiyuki Fujii (National Institute of Polar Research, Japan)","Japanese Ministry of Education, Culture and Science","Fujii, Y. et al. (1990): 6000-year climate records in an ice core from the Hoghetta ice dome in northern Spitsbergen. Annals of Glaciology 14, 85-9 (https://doi.org/10.3189/S0260305500008314)",Deep ice core on Hoghetta
238,1983-04-23,1983-04-28,air,radar,"SPRI Mk. IV pulse-modulated radar system, at 60 MHz centre frequency. Mounted on a de Havilland Twin Otter aircraft. RWV of 0.168 m/ns for time-to-depth conversion.",Julian A. Dowdeswell (Scott Polar Research Institute) | Toby J. Benham (Scott Polar Research Institute),"Natural Environment Research Council (grant GR3/4463 to D.J. Drewry, studentship to J.A. Dowdeswell) | NATO (grant for meetings) | British Antarctic Survey (loan of Twin Otter aircraft) | Store Norske Spitsbergen Kulkompani (support of field operations)","Bamber and Dowdeswell (1990): Remote-sensing studies of Kvitøyjøkulen, an ice cap on Kvitøya, north-east Svalbard (https://doi.org/10.3189/S002214300000558X)",Compiled by Johannes J. Fürst and Francisco Navarro.
239,1975-01-01,1975-12-31,ground,drill,,Rein Vaikmäe (Tallinn University of Technology),USSR Academy of Sciences,"Vaikmäe et al. (1997): Isotope, geochem. & stratigr. studies Grønfjordbreane-Fridtjovbreen. Data Glaciol. Stud., 30, 77-87 [in Russian] | Zagorodnov, V., and O. Samoilov (1982): Internal structure of Spitsbergen glaciers. Data of Glaciological Studies, 44, 58-64. | Zagorodnov, V. and I. Zotikov (1981): Capillary channels in glaciers. Data of Glaciological Studies 41, 200-202.",
240,2004-01-01,2005-04-27,ground,radar,10 MHz centre frequency impulse radar. Pulled by snowmobile. Radio-wave velocity for time-to-depth conversion: 0.169 m/ns,Jack Kohler (Norwegian Polar Institute) | Katrin Lindbäck (Norwegian Polar Institute),"Research Council of Norway | Polish-Norwegian Research Programme | Norwegian Polar Institute: Centre for Ice, Climate, and Ecosystems | Swedish Society for Anthropology and Geography | Svalbard Science Forum | Nordic Centre of Excellence SVALI","Lindbäck et al. (2018): Subglacial topography, ice thickness, and bathymetry of Kongsfjorden, northwestern Svalbard. Earth System Science Data, 10, 1769–1781 (https://doi.org/10.5194/essd-10-1769-2018)",Compiled by Johannes J. Fürst and Francisco Navarro.
241,2007-05-03,,air,radar,60 MHz radar,Steen Savstrup Kristensen (DTU Space) | others,Danish National Space Centre,"Kristensen, S.S., Christensen, E.L., Hanson, S., Reeh, N., Skourup, H., & Stenseng, L. (2008): Airborne ice-sounder survey of the Austfonna Ice Cap and Kongsfjorden Glacier at Svalbard, May 3rd, 2007. Copenhagen: DTU Space, 13 p.","Contributed by Jack Kohler and Katrin Lindbäck (Norwegian Polar Institute, Tromso). Compiled by Johannes J. Fürst and Francisco Navarro."
242,1982-01-01,1982-12-31,ground,drill,,Vladimir V. Kotlyakov (Russian Academy of Sciences: Institute of Geography),USSR Academy of Sciences,"Kotlyakov, V. (1985): Glaciology of Spitsbergen. Nauka, Moscow, 200pp.",
243,1981-01-01,1981-12-31,ground,drill,,Ya.-M.K. Punning (USSR Academy of Sciences-Estonia: Institute of Geology),USSR Academy of Sciences,"Punning, Ya.-M.K et al. (1986): Stratification in an ice core from Vestfonna, Nordaustlandet (https://doi.org/10.1080/10889378609377271) | Kotlyakov, V. (1985): Glaciology of Spitsbergen. Nauka, Moscow, 200pp.",
244,1997-01-01,1997-12-31,ground,drill,"Electromechanical drill of IMAU, Utrecht, The Netherlands",Elisabeth Isaksson (Norsk Polarinstitutt),Norsk Polarinstitutt | Netherlands Foundation for the Advancement of Pure Research | Finish Academy | YMER-80 Foundation | Nordic Council of Ministers,"Isaksson, E. et al. (2001): A new ice-core record from Lomonosovfonna, Svalbard. Journal of Glaciology, 47(157), 335-345 (https://doi.org/10.3189/172756501781832313) | Kotlyakov, V.M. et al. (2004): Deep drilling of glaciers in Eurasian Arctic as a source of paleoclimatic records. Quaternary Science Reviews, 23, 1371-1390 (https://doi.org/10.1016/j.quascirev.2003.12.013) | Kotlyakov, V. (1985): Glaciology of Spitsbergen. Nauka, Moscow, 200pp.",Deep ice core on Lomonosovfonna
245,1995-05-19,2006-06-06,air,radar,,John Paden | Jilu Li,University of Kentucky: Center for Remote Sensing of Ice Sheets (CReSIS),"Paden et al. (2011): Pre-IceBridge MCoRDS L2 ice thickness, version 1 (https://doi.org/10.5067/QKMTQ02C2U56)","Extracted from the source data by intersecting with the glacier outlines in the Randolph Glacier Inventory (RGI 6.0). ELEVATION: Height above the WGS 84 ellipsoid, not mean sea level."
246,2009-01-02,2010-12-17,air,radar,,Donald Blankenship | Scott Kempf | Duncan Young | Thomas Richter | Dustin Schroeder | Jamin Greenbaum | John Holt,National Science Foundation (NSF) | Natural Environment Research Council (NERC) | NASA Operation IceBridge,"Blankenship et al. (2011, updated 2017): IceBridge HiCARS 1 L2 geolocated ice thickness, version 1 (https://doi.org/10.5067/F5FGUT9F5089)","Extracted from the source data by intersecting with the glacier outlines in the Randolph Glacier Inventory (RGI 6.0). ELEVATION: Height above the WGS 84 ellipsoid, not mean sea level. THICKNESS_UNCERTAINTY: Reported resolution of measurement."
247,2011-02-06,2013-01-13,air,radar,,Donald Blankenship | Scott Kempf | Duncan Young | Thomas Richter | Dustin Schroeder | Jamin Greenbaum | Gregory Ng,National Science Foundation (NSF) | Natural Environment Research Council (NERC) | NASA Operation IceBridge,"Blankenship et al. (2012, updated 2017): IceBridge HiCARS 2 L2 geolocated ice thickness, version 1 (https://doi.org/10.5067/9EBR2T0VXUDG)","Extracted from the source data by intersecting with the glacier outlines in the Randolph Glacier Inventory (RGI 6.0). ELEVATION: Height above the WGS 84 ellipsoid, not mean sea level. THICKNESS_UNCERTAINTY: Reported resolution of measurement."
248,2009-10-16,2017-11-25,air,radar,,John Paden | Jilu Li,NASA Operation IceBridge,"Paden et al. (2010, updated 2018): IceBridge MCoRDS L2 ice thickness, version 1 (https://doi.org/10.5067/GDQ0CUCVTE2Q)","Extracted from the source data by intersecting with the glacier outlines in the Randolph Glacier Inventory (RGI 6.0). ELEVATION: Height above the WGS 84 ellipsoid, not mean sea level. THICKNESS_UNCERTAINTY: Reported resolution of measurement."
249,2009-04-20,2009-04-24,air,radar,,Matthew Linkswiler | Keith Raney,NASA Operation IceBridge,"Raney, K (2010): IceBridge PARIS L2 ice thickness, version 1 (https://doi.org/10.5067/OMEAKG6GIJNB)","Extracted from the source data by intersecting with the glacier outlines in the Randolph Glacier Inventory (RGI 6.0). ELEVATION: Height above the WGS 84 ellipsoid, not mean sea level. THICKNESS_UNCERTAINTY: Reported resolution of measurement."
250,2012-03-16,2012-03-25,air,radar,,Eric Rignot | Jeremie Mouginot | Chris Larsen | Young Gim | Donald Kirchner,NASA Operation IceBridge,"Rignot et al. (2013): IceBridge WISE L2 ice thickness and surface elevation, version 1 (https://doi.org/10.5067/0ZBRL3GY720R)","Extracted from the source data by intersecting with the glacier outlines in the Randolph Glacier Inventory (RGI 6.0). ELEVATION: Height above the WGS 84 ellipsoid, not mean sea level."
251,2008-01-01,2008-12-31,air,radar,UMAIR heliradar,,"ETH Zurich: Laboratory of Hydraulics, Hydrology and Glaciology",Feiger et al. (2018): The bedrock topography of Gries- and Findelengletscher (https://doi.org/10.5194/gh-73-1-2018),
252,2012-01-01,2012-12-31,air,radar,Glacier Laser Scanning Experiment Oberwallis (GLAXPO) heliradar,,University of Zurich (UZH): Department of Geography,Feiger et al. (2018): The bedrock topography of Gries- and Findelengletscher (https://doi.org/10.5194/gh-73-1-2018),
253,2012-01-01,2012-12-31,ground,radar,,,University of Fribourg: Department of Geosciences,Feiger et al. (2018): The bedrock topography of Gries- and Findelengletscher (https://doi.org/10.5194/gh-73-1-2018),
254,1935-01-01,1935-12-31,ground,drill,,Claude Stewart Fowler,,"Fowler, C.S. (1936): The origin of the sulphur deposits of Mount Adams. MS thesis, Washington State University. | Finn et al. (2012): Helicopter electromagnetic data map ice thickness at Mount Adams and Mount Baker, Washington, USA (https://doi.org/10.3189/2012JoG11J098)",
255,2002-05-01,2002-05-31,air,electromagnetic,Helicopter Electromagnetic Data (HEM),Carol A. Finn,,"Finn et al. (2012): Helicopter electromagnetic data map ice thickness at Mount Adams and Mount Baker, Washington, USA (https://doi.org/10.3189/2012JoG11J098)",
256,2006-07-01,2006-07-31,,radar,Portable pulseEKKO 100 radar system with a 1000V transmitter and 100 MHz antennas,Slawek Tulaczyk,,"Finn et al. (2012): Helicopter electromagnetic data map ice thickness at Mount Adams and Mount Baker, Washington, USA (https://doi.org/10.3189/2012JoG11J098)",
